[2026-05-19 02:11:58] local.ERROR: Command "make:migrate" is not defined.

Did you mean one of these?
    make:cast
    make:channel
    make:command
    make:component
    make:controller
    make:event
    make:exception
    make:factory
    make:job
    make:listener
    make:mail
    make:middleware
    make:migration
    make:model
    make:notification
    make:observer
    make:policy
    make:provider
    make:request
    make:resource
    make:rule
    make:scope
    make:seeder
    make:test {"exception":"[object] (Symfony\\Component\\Console\\Exception\\CommandNotFoundException(code: 0): Command \"make:migrate\" is not defined.

Did you mean one of these?
    make:cast
    make:channel
    make:command
    make:component
    make:controller
    make:event
    make:exception
    make:factory
    make:job
    make:listener
    make:mail
    make:middleware
    make:migration
    make:model
    make:notification
    make:observer
    make:policy
    make:provider
    make:request
    make:resource
    make:rule
    make:scope
    make:seeder
    make:test at C:\\Users\\user\\perpustakaan-9\\vendor\\symfony\\console\\Application.php:694)
[stacktrace]
#0 C:\\Users\\user\\perpustakaan-9\\vendor\\symfony\\console\\Application.php(259): Symfony\\Component\\Console\\Application->find('make:migrate')
#1 C:\\Users\\user\\perpustakaan-9\\vendor\\symfony\\console\\Application.php(171): Symfony\\Component\\Console\\Application->doRun(Object(Symfony\\Component\\Console\\Input\\ArgvInput), Object(Symfony\\Component\\Console\\Output\\ConsoleOutput))
#2 C:\\Users\\user\\perpustakaan-9\\vendor\\laravel\\framework\\src\\Illuminate\\Console\\Application.php(102): Symfony\\Component\\Console\\Application->run(Object(Symfony\\Component\\Console\\Input\\ArgvInput), Object(Symfony\\Component\\Console\\Output\\ConsoleOutput))
#3 C:\\Users\\user\\perpustakaan-9\\vendor\\laravel\\framework\\src\\Illuminate\\Foundation\\Console\\Kernel.php(155): Illuminate\\Console\\Application->run(Object(Symfony\\Component\\Console\\Input\\ArgvInput), Object(Symfony\\Component\\Console\\Output\\ConsoleOutput))
#4 C:\\Users\\user\\perpustakaan-9\\artisan(37): Illuminate\\Foundation\\Console\\Kernel->handle(Object(Symfony\\Component\\Console\\Input\\ArgvInput), Object(Symfony\\Component\\Console\\Output\\ConsoleOutput))
#5 {main}
"} 
[2026-05-19 02:41:13] local.ERROR: Trait "App\Models\HFactory" not found {"exception":"[object] (Symfony\\Component\\ErrorHandler\\Error\\FatalError(code: 0): Trait \"App\\Models\\HFactory\" not found at C:\\Users\\user\\perpustakaan-9\\app\\Models\\buku.php:8)
[stacktrace]
#0 {main}
"} 
[2026-05-19 02:57:14] local.ERROR: syntax error, unexpected token "/", expecting "function" or "const" {"exception":"[object] (Symfony\\Component\\ErrorHandler\\Error\\FatalError(code: 0): syntax error, unexpected token \"/\", expecting \"function\" or \"const\" at C:\\Users\\user\\perpustakaan-9\\app\\Models\\buku.php:19)
[stacktrace]
#0 {main}
"} 
[2026-05-24 13:14:13] local.ERROR: SQLSTATE[42S01]: Base table or view already exists: 1050 Table 'buku' already exists (SQL: create table `buku` (`id` bigint unsigned not null auto_increment primary key, `kode_buku` varchar(20) not null, `judul` varchar(200) not null, `kategori` enum('Programming', 'Database', 'Web Design', 'Networking', 'Data Science') not null, `pengarang` varchar(100) not null, `penerbit` varchar(100) not null, `tahun_terbit` year not null, `isbn` varchar(20) null, `harga` decimal(10, 2) not null, `stok` int not null default '0', `deskripsi` text null, `bahasa` varchar(20) not null default 'Indonesia', `created_at` timestamp null, `updated_at` timestamp null) default character set utf8mb4 collate 'utf8mb4_unicode_ci') {"exception":"[object] (Illuminate\\Database\\QueryException(code: 42S01): SQLSTATE[42S01]: Base table or view already exists: 1050 Table 'buku' already exists (SQL: create table `buku` (`id` bigint unsigned not null auto_increment primary key, `kode_buku` varchar(20) not null, `judul` varchar(200) not null, `kategori` enum('Programming', 'Database', 'Web Design', 'Networking', 'Data Science') not null, `pengarang` varchar(100) not null, `penerbit` varchar(100) not null, `tahun_terbit` year not null, `isbn` varchar(20) null, `harga` decimal(10, 2) not null, `stok` int not null default '0', `deskripsi` text null, `bahasa` varchar(20) not null default 'Indonesia', `created_at` timestamp null, `updated_at` timestamp null) default character set utf8mb4 collate 'utf8mb4_unicode_ci') at C:\\Users\\user\\perpustakaan-9\\vendor\\laravel\\framework\\src\\Illuminate\\Database\\Connection.php:760)
[stacktrace]
#0 C:\\Users\\user\\perpustakaan-9\\vendor\\laravel\\framework\\src\\Illuminate\\Database\\Connection.php(720): Illuminate\\Database\\Connection->runQueryCallback('create table `b...', Array, Object(Closure))
#1 C:\\Users\\user\\perpustakaan-9\\vendor\\laravel\\framework\\src\\Illuminate\\Database\\Connection.php(546): Illuminate\\Database\\Connection->run('create table `b...', Array, Object(Closure))
#2 C:\\Users\\user\\perpustakaan-9\\vendor\\laravel\\framework\\src\\Illuminate\\Database\\Schema\\Blueprint.php(109): Illuminate\\Database\\Connection->statement('create table `b...')
#3 C:\\Users\\user\\perpustakaan-9\\vendor\\laravel\\framework\\src\\Illuminate\\Database\\Schema\\Builder.php(439): Illuminate\\Database\\Schema\\Blueprint->build(Object(Illuminate\\Database\\MySqlConnection), Object(Illuminate\\Database\\Schema\\Grammars\\MySqlGrammar))
#4 C:\\Users\\user\\perpustakaan-9\\vendor\\laravel\\framework\\src\\Illuminate\\Database\\Schema\\Builder.php(285): Illuminate\\Database\\Schema\\Builder->build(Object(Illuminate\\Database\\Schema\\Blueprint))
#5 C:\\Users\\user\\perpustakaan-9\\vendor\\laravel\\framework\\src\\Illuminate\\Support\\Facades\\Facade.php(338): Illuminate\\Database\\Schema\\Builder->create('buku', Object(Closure))
#6 C:\\Users\\user\\perpustakaan-9\\database\\migrations\\2026_05_19_015350_create_buku_table.php(36): Illuminate\\Support\\Facades\\Facade::__callStatic('create', Array)
#7 C:\\Users\\user\\perpustakaan-9\\vendor\\laravel\\framework\\src\\Illuminate\\Database\\Migrations\\Migrator.php(496): Illuminate\\Database\\Migrations\\Migration@anonymous->up()
#8 C:\\Users\\user\\perpustakaan-9\\vendor\\laravel\\framework\\src\\Illuminate\\Database\\Migrations\\Migrator.php(414): Illuminate\\Database\\Migrations\\Migrator->runMethod(Object(Illuminate\\Database\\MySqlConnection), Object(Illuminate\\Database\\Migrations\\Migration@anonymous), 'up')
#9 C:\\Users\\user\\perpustakaan-9\\vendor\\laravel\\framework\\src\\Illuminate\\Database\\Migrations\\Migrator.php(423): Illuminate\\Database\\Migrations\\Migrator->Illuminate\\Database\\Migrations\\{closure}()
#10 C:\\Users\\user\\perpustakaan-9\\vendor\\laravel\\framework\\src\\Illuminate\\Database\\Migrations\\Migrator.php(224): Illuminate\\Database\\Migrations\\Migrator->runMigration(Object(Illuminate\\Database\\Migrations\\Migration@anonymous), 'up')
#11 C:\\Users\\user\\perpustakaan-9\\vendor\\laravel\\framework\\src\\Illuminate\\Console\\View\\Components\\Task.php(37): Illuminate\\Database\\Migrations\\Migrator->Illuminate\\Database\\Migrations\\{closure}()
#12 C:\\Users\\user\\perpustakaan-9\\vendor\\laravel\\framework\\src\\Illuminate\\Database\\Migrations\\Migrator.php(778): Illuminate\\Console\\View\\Components\\Task->render('2026_05_19_0153...', Object(Closure))
#13 C:\\Users\\user\\perpustakaan-9\\vendor\\laravel\\framework\\src\\Illuminate\\Database\\Migrations\\Migrator.php(224): Illuminate\\Database\\Migrations\\Migrator->write('Illuminate\\\\Cons...', '2026_05_19_0153...', Object(Closure))
#14 C:\\Users\\user\\perpustakaan-9\\vendor\\laravel\\framework\\src\\Illuminate\\Database\\Migrations\\Migrator.php(189): Illuminate\\Database\\Migrations\\Migrator->runUp('C:\\\\Users\\\\user\\\\p...', 1, false)
#15 C:\\Users\\user\\perpustakaan-9\\vendor\\laravel\\framework\\src\\Illuminate\\Database\\Migrations\\Migrator.php(132): Illuminate\\Database\\Migrations\\Migrator->runPending(Array, Array)
#16 C:\\Users\\user\\perpustakaan-9\\vendor\\laravel\\framework\\src\\Illuminate\\Database\\Console\\Migrations\\MigrateCommand.php(90): Illuminate\\Database\\Migrations\\Migrator->run(Array, Array)
#17 C:\\Users\\user\\perpustakaan-9\\vendor\\laravel\\framework\\src\\Illuminate\\Database\\Migrations\\Migrator.php(636): Illuminate\\Database\\Console\\Migrations\\MigrateCommand->Illuminate\\Database\\Console\\Migrations\\{closure}()
#18 C:\\Users\\user\\perpustakaan-9\\vendor\\laravel\\framework\\src\\Illuminate\\Database\\Console\\Migrations\\MigrateCommand.php(102): Illuminate\\Database\\Migrations\\Migrator->usingConnection(NULL, Object(Closure))
#19 C:\\Users\\user\\perpustakaan-9\\vendor\\laravel\\framework\\src\\Illuminate\\Container\\BoundMethod.php(36): Illuminate\\Database\\Console\\Migrations\\MigrateCommand->handle()
#20 C:\\Users\\user\\perpustakaan-9\\vendor\\laravel\\framework\\src\\Illuminate\\Container\\Util.php(41): Illuminate\\Container\\BoundMethod::Illuminate\\Container\\{closure}()
#21 C:\\Users\\user\\perpustakaan-9\\vendor\\laravel\\framework\\src\\Illuminate\\Container\\BoundMethod.php(93): Illuminate\\Container\\Util::unwrapIfClosure(Object(Closure))
#22 C:\\Users\\user\\perpustakaan-9\\vendor\\laravel\\framework\\src\\Illuminate\\Container\\BoundMethod.php(37): Illuminate\\Container\\BoundMethod::callBoundMethod(Object(Illuminate\\Foundation\\Application), Array, Object(Closure))
#23 C:\\Users\\user\\perpustakaan-9\\vendor\\laravel\\framework\\src\\Illuminate\\Container\\Container.php(661): Illuminate\\Container\\BoundMethod::call(Object(Illuminate\\Foundation\\Application), Array, Array, NULL)
#24 C:\\Users\\user\\perpustakaan-9\\vendor\\laravel\\framework\\src\\Illuminate\\Console\\Command.php(183): Illuminate\\Container\\Container->call(Array)
#25 C:\\Users\\user\\perpustakaan-9\\vendor\\symfony\\console\\Command\\Command.php(291): Illuminate\\Console\\Command->execute(Object(Symfony\\Component\\Console\\Input\\ArgvInput), Object(Illuminate\\Console\\OutputStyle))
#26 C:\\Users\\user\\perpustakaan-9\\vendor\\laravel\\framework\\src\\Illuminate\\Console\\Command.php(153): Symfony\\Component\\Console\\Command\\Command->run(Object(Symfony\\Component\\Console\\Input\\ArgvInput), Object(Illuminate\\Console\\OutputStyle))
#27 C:\\Users\\user\\perpustakaan-9\\vendor\\symfony\\console\\Application.php(1014): Illuminate\\Console\\Command->run(Object(Symfony\\Component\\Console\\Input\\ArgvInput), Object(Symfony\\Component\\Console\\Output\\ConsoleOutput))
#28 C:\\Users\\user\\perpustakaan-9\\vendor\\symfony\\console\\Application.php(301): Symfony\\Component\\Console\\Application->doRunCommand(Object(Illuminate\\Database\\Console\\Migrations\\MigrateCommand), Object(Symfony\\Component\\Console\\Input\\ArgvInput), Object(Symfony\\Component\\Console\\Output\\ConsoleOutput))
#29 C:\\Users\\user\\perpustakaan-9\\vendor\\symfony\\console\\Application.php(171): Symfony\\Component\\Console\\Application->doRun(Object(Symfony\\Component\\Console\\Input\\ArgvInput), Object(Symfony\\Component\\Console\\Output\\ConsoleOutput))
#30 C:\\Users\\user\\perpustakaan-9\\vendor\\laravel\\framework\\src\\Illuminate\\Console\\Application.php(102): Symfony\\Component\\Console\\Application->run(Object(Symfony\\Component\\Console\\Input\\ArgvInput), Object(Symfony\\Component\\Console\\Output\\ConsoleOutput))
#31 C:\\Users\\user\\perpustakaan-9\\vendor\\laravel\\framework\\src\\Illuminate\\Foundation\\Console\\Kernel.php(155): Illuminate\\Console\\Application->run(Object(Symfony\\Component\\Console\\Input\\ArgvInput), Object(Symfony\\Component\\Console\\Output\\ConsoleOutput))
#32 C:\\Users\\user\\perpustakaan-9\\artisan(37): Illuminate\\Foundation\\Console\\Kernel->handle(Object(Symfony\\Component\\Console\\Input\\ArgvInput), Object(Symfony\\Component\\Console\\Output\\ConsoleOutput))
#33 {main}

[previous exception] [object] (PDOException(code: 42S01): SQLSTATE[42S01]: Base table or view already exists: 1050 Table 'buku' already exists at C:\\Users\\user\\perpustakaan-9\\vendor\\laravel\\framework\\src\\Illuminate\\Database\\Connection.php:545)
[stacktrace]
#0 C:\\Users\\user\\perpustakaan-9\\vendor\\laravel\\framework\\src\\Illuminate\\Database\\Connection.php(545): PDOStatement->execute()
#1 C:\\Users\\user\\perpustakaan-9\\vendor\\laravel\\framework\\src\\Illuminate\\Database\\Connection.php(753): Illuminate\\Database\\Connection->Illuminate\\Database\\{closure}('create table `b...', Array)
#2 C:\\Users\\user\\perpustakaan-9\\vendor\\laravel\\framework\\src\\Illuminate\\Database\\Connection.php(720): Illuminate\\Database\\Connection->runQueryCallback('create table `b...', Array, Object(Closure))
#3 C:\\Users\\user\\perpustakaan-9\\vendor\\laravel\\framework\\src\\Illuminate\\Database\\Connection.php(546): Illuminate\\Database\\Connection->run('create table `b...', Array, Object(Closure))
#4 C:\\Users\\user\\perpustakaan-9\\vendor\\laravel\\framework\\src\\Illuminate\\Database\\Schema\\Blueprint.php(109): Illuminate\\Database\\Connection->statement('create table `b...')
#5 C:\\Users\\user\\perpustakaan-9\\vendor\\laravel\\framework\\src\\Illuminate\\Database\\Schema\\Builder.php(439): Illuminate\\Database\\Schema\\Blueprint->build(Object(Illuminate\\Database\\MySqlConnection), Object(Illuminate\\Database\\Schema\\Grammars\\MySqlGrammar))
#6 C:\\Users\\user\\perpustakaan-9\\vendor\\laravel\\framework\\src\\Illuminate\\Database\\Schema\\Builder.php(285): Illuminate\\Database\\Schema\\Builder->build(Object(Illuminate\\Database\\Schema\\Blueprint))
#7 C:\\Users\\user\\perpustakaan-9\\vendor\\laravel\\framework\\src\\Illuminate\\Support\\Facades\\Facade.php(338): Illuminate\\Database\\Schema\\Builder->create('buku', Object(Closure))
#8 C:\\Users\\user\\perpustakaan-9\\database\\migrations\\2026_05_19_015350_create_buku_table.php(36): Illuminate\\Support\\Facades\\Facade::__callStatic('create', Array)
#9 C:\\Users\\user\\perpustakaan-9\\vendor\\laravel\\framework\\src\\Illuminate\\Database\\Migrations\\Migrator.php(496): Illuminate\\Database\\Migrations\\Migration@anonymous->up()
#10 C:\\Users\\user\\perpustakaan-9\\vendor\\laravel\\framework\\src\\Illuminate\\Database\\Migrations\\Migrator.php(414): Illuminate\\Database\\Migrations\\Migrator->runMethod(Object(Illuminate\\Database\\MySqlConnection), Object(Illuminate\\Database\\Migrations\\Migration@anonymous), 'up')
#11 C:\\Users\\user\\perpustakaan-9\\vendor\\laravel\\framework\\src\\Illuminate\\Database\\Migrations\\Migrator.php(423): Illuminate\\Database\\Migrations\\Migrator->Illuminate\\Database\\Migrations\\{closure}()
#12 C:\\Users\\user\\perpustakaan-9\\vendor\\laravel\\framework\\src\\Illuminate\\Database\\Migrations\\Migrator.php(224): Illuminate\\Database\\Migrations\\Migrator->runMigration(Object(Illuminate\\Database\\Migrations\\Migration@anonymous), 'up')
#13 C:\\Users\\user\\perpustakaan-9\\vendor\\laravel\\framework\\src\\Illuminate\\Console\\View\\Components\\Task.php(37): Illuminate\\Database\\Migrations\\Migrator->Illuminate\\Database\\Migrations\\{closure}()
#14 C:\\Users\\user\\perpustakaan-9\\vendor\\laravel\\framework\\src\\Illuminate\\Database\\Migrations\\Migrator.php(778): Illuminate\\Console\\View\\Components\\Task->render('2026_05_19_0153...', Object(Closure))
#15 C:\\Users\\user\\perpustakaan-9\\vendor\\laravel\\framework\\src\\Illuminate\\Database\\Migrations\\Migrator.php(224): Illuminate\\Database\\Migrations\\Migrator->write('Illuminate\\\\Cons...', '2026_05_19_0153...', Object(Closure))
#16 C:\\Users\\user\\perpustakaan-9\\vendor\\laravel\\framework\\src\\Illuminate\\Database\\Migrations\\Migrator.php(189): Illuminate\\Database\\Migrations\\Migrator->runUp('C:\\\\Users\\\\user\\\\p...', 1, false)
#17 C:\\Users\\user\\perpustakaan-9\\vendor\\laravel\\framework\\src\\Illuminate\\Database\\Migrations\\Migrator.php(132): Illuminate\\Database\\Migrations\\Migrator->runPending(Array, Array)
#18 C:\\Users\\user\\perpustakaan-9\\vendor\\laravel\\framework\\src\\Illuminate\\Database\\Console\\Migrations\\MigrateCommand.php(90): Illuminate\\Database\\Migrations\\Migrator->run(Array, Array)
#19 C:\\Users\\user\\perpustakaan-9\\vendor\\laravel\\framework\\src\\Illuminate\\Database\\Migrations\\Migrator.php(636): Illuminate\\Database\\Console\\Migrations\\MigrateCommand->Illuminate\\Database\\Console\\Migrations\\{closure}()
#20 C:\\Users\\user\\perpustakaan-9\\vendor\\laravel\\framework\\src\\Illuminate\\Database\\Console\\Migrations\\MigrateCommand.php(102): Illuminate\\Database\\Migrations\\Migrator->usingConnection(NULL, Object(Closure))
#21 C:\\Users\\user\\perpustakaan-9\\vendor\\laravel\\framework\\src\\Illuminate\\Container\\BoundMethod.php(36): Illuminate\\Database\\Console\\Migrations\\MigrateCommand->handle()
#22 C:\\Users\\user\\perpustakaan-9\\vendor\\laravel\\framework\\src\\Illuminate\\Container\\Util.php(41): Illuminate\\Container\\BoundMethod::Illuminate\\Container\\{closure}()
#23 C:\\Users\\user\\perpustakaan-9\\vendor\\laravel\\framework\\src\\Illuminate\\Container\\BoundMethod.php(93): Illuminate\\Container\\Util::unwrapIfClosure(Object(Closure))
#24 C:\\Users\\user\\perpustakaan-9\\vendor\\laravel\\framework\\src\\Illuminate\\Container\\BoundMethod.php(37): Illuminate\\Container\\BoundMethod::callBoundMethod(Object(Illuminate\\Foundation\\Application), Array, Object(Closure))
#25 C:\\Users\\user\\perpustakaan-9\\vendor\\laravel\\framework\\src\\Illuminate\\Container\\Container.php(661): Illuminate\\Container\\BoundMethod::call(Object(Illuminate\\Foundation\\Application), Array, Array, NULL)
#26 C:\\Users\\user\\perpustakaan-9\\vendor\\laravel\\framework\\src\\Illuminate\\Console\\Command.php(183): Illuminate\\Container\\Container->call(Array)
#27 C:\\Users\\user\\perpustakaan-9\\vendor\\symfony\\console\\Command\\Command.php(291): Illuminate\\Console\\Command->execute(Object(Symfony\\Component\\Console\\Input\\ArgvInput), Object(Illuminate\\Console\\OutputStyle))
#28 C:\\Users\\user\\perpustakaan-9\\vendor\\laravel\\framework\\src\\Illuminate\\Console\\Command.php(153): Symfony\\Component\\Console\\Command\\Command->run(Object(Symfony\\Component\\Console\\Input\\ArgvInput), Object(Illuminate\\Console\\OutputStyle))
#29 C:\\Users\\user\\perpustakaan-9\\vendor\\symfony\\console\\Application.php(1014): Illuminate\\Console\\Command->run(Object(Symfony\\Component\\Console\\Input\\ArgvInput), Object(Symfony\\Component\\Console\\Output\\ConsoleOutput))
#30 C:\\Users\\user\\perpustakaan-9\\vendor\\symfony\\console\\Application.php(301): Symfony\\Component\\Console\\Application->doRunCommand(Object(Illuminate\\Database\\Console\\Migrations\\MigrateCommand), Object(Symfony\\Component\\Console\\Input\\ArgvInput), Object(Symfony\\Component\\Console\\Output\\ConsoleOutput))
#31 C:\\Users\\user\\perpustakaan-9\\vendor\\symfony\\console\\Application.php(171): Symfony\\Component\\Console\\Application->doRun(Object(Symfony\\Component\\Console\\Input\\ArgvInput), Object(Symfony\\Component\\Console\\Output\\ConsoleOutput))
#32 C:\\Users\\user\\perpustakaan-9\\vendor\\laravel\\framework\\src\\Illuminate\\Console\\Application.php(102): Symfony\\Component\\Console\\Application->run(Object(Symfony\\Component\\Console\\Input\\ArgvInput), Object(Symfony\\Component\\Console\\Output\\ConsoleOutput))
#33 C:\\Users\\user\\perpustakaan-9\\vendor\\laravel\\framework\\src\\Illuminate\\Foundation\\Console\\Kernel.php(155): Illuminate\\Console\\Application->run(Object(Symfony\\Component\\Console\\Input\\ArgvInput), Object(Symfony\\Component\\Console\\Output\\ConsoleOutput))
#34 C:\\Users\\user\\perpustakaan-9\\artisan(37): Illuminate\\Foundation\\Console\\Kernel->handle(Object(Symfony\\Component\\Console\\Input\\ArgvInput), Object(Symfony\\Component\\Console\\Output\\ConsoleOutput))
#35 {main}
"} 
[2026-05-24 14:23:48] local.ERROR: SQLSTATE[23000]: Integrity constraint violation: 1062 Duplicate entry 'BK-001' for key 'buku.buku_kode_buku_unique' (SQL: insert into `buku` (`kode_buku`, `judul`, `kategori`, `pengarang`, `penerbit`, `tahun_terbit`, `isbn`, `harga`, `stok`, `deskripsi`, `bahasa`, `updated_at`, `created_at`) values (BK-001, Laravel 12 untuk Pemula, Programming, John Doe, Tech Publisher, 2024, 978-602-1234-56-1, 150000, 20, Buku panduan lengkap Laravel 12 dari dasar hingga mahir, Indonesia, 2026-05-24 14:23:48, 2026-05-24 14:23:48)) {"exception":"[object] (Illuminate\\Database\\QueryException(code: 23000): SQLSTATE[23000]: Integrity constraint violation: 1062 Duplicate entry 'BK-001' for key 'buku.buku_kode_buku_unique' (SQL: insert into `buku` (`kode_buku`, `judul`, `kategori`, `pengarang`, `penerbit`, `tahun_terbit`, `isbn`, `harga`, `stok`, `deskripsi`, `bahasa`, `updated_at`, `created_at`) values (BK-001, Laravel 12 untuk Pemula, Programming, John Doe, Tech Publisher, 2024, 978-602-1234-56-1, 150000, 20, Buku panduan lengkap Laravel 12 dari dasar hingga mahir, Indonesia, 2026-05-24 14:23:48, 2026-05-24 14:23:48)) at C:\\Users\\user\\perpustakaan-9\\vendor\\laravel\\framework\\src\\Illuminate\\Database\\Connection.php:760)
[stacktrace]
#0 C:\\Users\\user\\perpustakaan-9\\vendor\\laravel\\framework\\src\\Illuminate\\Database\\Connection.php(720): Illuminate\\Database\\Connection->runQueryCallback('insert into `bu...', Array, Object(Closure))
#1 C:\\Users\\user\\perpustakaan-9\\vendor\\laravel\\framework\\src\\Illuminate\\Database\\Connection.php(546): Illuminate\\Database\\Connection->run('insert into `bu...', Array, Object(Closure))
#2 C:\\Users\\user\\perpustakaan-9\\vendor\\laravel\\framework\\src\\Illuminate\\Database\\Connection.php(498): Illuminate\\Database\\Connection->statement('insert into `bu...', Array)
#3 C:\\Users\\user\\perpustakaan-9\\vendor\\laravel\\framework\\src\\Illuminate\\Database\\Query\\Processors\\Processor.php(32): Illuminate\\Database\\Connection->insert('insert into `bu...', Array)
#4 C:\\Users\\user\\perpustakaan-9\\vendor\\laravel\\framework\\src\\Illuminate\\Database\\Query\\Builder.php(3322): Illuminate\\Database\\Query\\Processors\\Processor->processInsertGetId(Object(Illuminate\\Database\\Query\\Builder), 'insert into `bu...', Array, 'id')
#5 C:\\Users\\user\\perpustakaan-9\\vendor\\laravel\\framework\\src\\Illuminate\\Database\\Eloquent\\Builder.php(1869): Illuminate\\Database\\Query\\Builder->insertGetId(Array, 'id')
#6 C:\\Users\\user\\perpustakaan-9\\vendor\\laravel\\framework\\src\\Illuminate\\Database\\Eloquent\\Model.php(1330): Illuminate\\Database\\Eloquent\\Builder->__call('insertGetId', Array)
#7 C:\\Users\\user\\perpustakaan-9\\vendor\\laravel\\framework\\src\\Illuminate\\Database\\Eloquent\\Model.php(1295): Illuminate\\Database\\Eloquent\\Model->insertAndSetId(Object(Illuminate\\Database\\Eloquent\\Builder), Array)
#8 C:\\Users\\user\\perpustakaan-9\\vendor\\laravel\\framework\\src\\Illuminate\\Database\\Eloquent\\Model.php(1138): Illuminate\\Database\\Eloquent\\Model->performInsert(Object(Illuminate\\Database\\Eloquent\\Builder))
#9 C:\\Users\\user\\perpustakaan-9\\vendor\\laravel\\framework\\src\\Illuminate\\Database\\Eloquent\\Builder.php(986): Illuminate\\Database\\Eloquent\\Model->save()
#10 C:\\Users\\user\\perpustakaan-9\\vendor\\laravel\\framework\\src\\Illuminate\\Support\\helpers.php(319): Illuminate\\Database\\Eloquent\\Builder->Illuminate\\Database\\Eloquent\\{closure}(Object(App\\Models\\buku))
#11 C:\\Users\\user\\perpustakaan-9\\vendor\\laravel\\framework\\src\\Illuminate\\Database\\Eloquent\\Builder.php(987): tap(Object(App\\Models\\buku), Object(Closure))
#12 C:\\Users\\user\\perpustakaan-9\\vendor\\laravel\\framework\\src\\Illuminate\\Support\\Traits\\ForwardsCalls.php(23): Illuminate\\Database\\Eloquent\\Builder->create(Array)
#13 C:\\Users\\user\\perpustakaan-9\\vendor\\laravel\\framework\\src\\Illuminate\\Database\\Eloquent\\Model.php(2330): Illuminate\\Database\\Eloquent\\Model->forwardCallTo(Object(Illuminate\\Database\\Eloquent\\Builder), 'create', Array)
#14 C:\\Users\\user\\perpustakaan-9\\vendor\\laravel\\framework\\src\\Illuminate\\Database\\Eloquent\\Model.php(2342): Illuminate\\Database\\Eloquent\\Model->__call('create', Array)
#15 C:\\Users\\user\\perpustakaan-9\\database\\seeders\\BukuSeeder.php(123): Illuminate\\Database\\Eloquent\\Model::__callStatic('create', Array)
#16 C:\\Users\\user\\perpustakaan-9\\vendor\\laravel\\framework\\src\\Illuminate\\Container\\BoundMethod.php(36): Database\\Seeders\\BukuSeeder->run()
#17 C:\\Users\\user\\perpustakaan-9\\vendor\\laravel\\framework\\src\\Illuminate\\Container\\Util.php(41): Illuminate\\Container\\BoundMethod::Illuminate\\Container\\{closure}()
#18 C:\\Users\\user\\perpustakaan-9\\vendor\\laravel\\framework\\src\\Illuminate\\Container\\BoundMethod.php(93): Illuminate\\Container\\Util::unwrapIfClosure(Object(Closure))
#19 C:\\Users\\user\\perpustakaan-9\\vendor\\laravel\\framework\\src\\Illuminate\\Container\\BoundMethod.php(37): Illuminate\\Container\\BoundMethod::callBoundMethod(Object(Illuminate\\Foundation\\Application), Array, Object(Closure))
#20 C:\\Users\\user\\perpustakaan-9\\vendor\\laravel\\framework\\src\\Illuminate\\Container\\Container.php(661): Illuminate\\Container\\BoundMethod::call(Object(Illuminate\\Foundation\\Application), Array, Array, NULL)
#21 C:\\Users\\user\\perpustakaan-9\\vendor\\laravel\\framework\\src\\Illuminate\\Database\\Seeder.php(184): Illuminate\\Container\\Container->call(Array, Array)
#22 C:\\Users\\user\\perpustakaan-9\\vendor\\laravel\\framework\\src\\Illuminate\\Database\\Seeder.php(193): Illuminate\\Database\\Seeder->Illuminate\\Database\\{closure}()
#23 C:\\Users\\user\\perpustakaan-9\\vendor\\laravel\\framework\\src\\Illuminate\\Database\\Seeder.php(61): Illuminate\\Database\\Seeder->__invoke(Array)
#24 C:\\Users\\user\\perpustakaan-9\\database\\seeders\\DatabaseSeeder.php(15): Illuminate\\Database\\Seeder->call('Database\\\\Seeder...')
#25 C:\\Users\\user\\perpustakaan-9\\vendor\\laravel\\framework\\src\\Illuminate\\Container\\BoundMethod.php(36): Database\\Seeders\\DatabaseSeeder->run()
#26 C:\\Users\\user\\perpustakaan-9\\vendor\\laravel\\framework\\src\\Illuminate\\Container\\Util.php(41): Illuminate\\Container\\BoundMethod::Illuminate\\Container\\{closure}()
#27 C:\\Users\\user\\perpustakaan-9\\vendor\\laravel\\framework\\src\\Illuminate\\Container\\BoundMethod.php(93): Illuminate\\Container\\Util::unwrapIfClosure(Object(Closure))
#28 C:\\Users\\user\\perpustakaan-9\\vendor\\laravel\\framework\\src\\Illuminate\\Container\\BoundMethod.php(37): Illuminate\\Container\\BoundMethod::callBoundMethod(Object(Illuminate\\Foundation\\Application), Array, Object(Closure))
#29 C:\\Users\\user\\perpustakaan-9\\vendor\\laravel\\framework\\src\\Illuminate\\Container\\Container.php(661): Illuminate\\Container\\BoundMethod::call(Object(Illuminate\\Foundation\\Application), Array, Array, NULL)
#30 C:\\Users\\user\\perpustakaan-9\\vendor\\laravel\\framework\\src\\Illuminate\\Database\\Seeder.php(184): Illuminate\\Container\\Container->call(Array, Array)
#31 C:\\Users\\user\\perpustakaan-9\\vendor\\laravel\\framework\\src\\Illuminate\\Database\\Seeder.php(193): Illuminate\\Database\\Seeder->Illuminate\\Database\\{closure}()
#32 C:\\Users\\user\\perpustakaan-9\\vendor\\laravel\\framework\\src\\Illuminate\\Database\\Console\\Seeds\\SeedCommand.php(81): Illuminate\\Database\\Seeder->__invoke()
#33 C:\\Users\\user\\perpustakaan-9\\vendor\\laravel\\framework\\src\\Illuminate\\Database\\Eloquent\\Concerns\\GuardsAttributes.php(155): Illuminate\\Database\\Console\\Seeds\\SeedCommand->Illuminate\\Database\\Console\\Seeds\\{closure}()
#34 C:\\Users\\user\\perpustakaan-9\\vendor\\laravel\\framework\\src\\Illuminate\\Database\\Console\\Seeds\\SeedCommand.php(82): Illuminate\\Database\\Eloquent\\Model::unguarded(Object(Closure))
#35 C:\\Users\\user\\perpustakaan-9\\vendor\\laravel\\framework\\src\\Illuminate\\Container\\BoundMethod.php(36): Illuminate\\Database\\Console\\Seeds\\SeedCommand->handle()
#36 C:\\Users\\user\\perpustakaan-9\\vendor\\laravel\\framework\\src\\Illuminate\\Container\\Util.php(41): Illuminate\\Container\\BoundMethod::Illuminate\\Container\\{closure}()
#37 C:\\Users\\user\\perpustakaan-9\\vendor\\laravel\\framework\\src\\Illuminate\\Container\\BoundMethod.php(93): Illuminate\\Container\\Util::unwrapIfClosure(Object(Closure))
#38 C:\\Users\\user\\perpustakaan-9\\vendor\\laravel\\framework\\src\\Illuminate\\Container\\BoundMethod.php(37): Illuminate\\Container\\BoundMethod::callBoundMethod(Object(Illuminate\\Foundation\\Application), Array, Object(Closure))
#39 C:\\Users\\user\\perpustakaan-9\\vendor\\laravel\\framework\\src\\Illuminate\\Container\\Container.php(661): Illuminate\\Container\\BoundMethod::call(Object(Illuminate\\Foundation\\Application), Array, Array, NULL)
#40 C:\\Users\\user\\perpustakaan-9\\vendor\\laravel\\framework\\src\\Illuminate\\Console\\Command.php(183): Illuminate\\Container\\Container->call(Array)
#41 C:\\Users\\user\\perpustakaan-9\\vendor\\symfony\\console\\Command\\Command.php(291): Illuminate\\Console\\Command->execute(Object(Symfony\\Component\\Console\\Input\\ArgvInput), Object(Illuminate\\Console\\OutputStyle))
#42 C:\\Users\\user\\perpustakaan-9\\vendor\\laravel\\framework\\src\\Illuminate\\Console\\Command.php(153): Symfony\\Component\\Console\\Command\\Command->run(Object(Symfony\\Component\\Console\\Input\\ArgvInput), Object(Illuminate\\Console\\OutputStyle))
#43 C:\\Users\\user\\perpustakaan-9\\vendor\\symfony\\console\\Application.php(1014): Illuminate\\Console\\Command->run(Object(Symfony\\Component\\Console\\Input\\ArgvInput), Object(Symfony\\Component\\Console\\Output\\ConsoleOutput))
#44 C:\\Users\\user\\perpustakaan-9\\vendor\\symfony\\console\\Application.php(301): Symfony\\Component\\Console\\Application->doRunCommand(Object(Illuminate\\Database\\Console\\Seeds\\SeedCommand), Object(Symfony\\Component\\Console\\Input\\ArgvInput), Object(Symfony\\Component\\Console\\Output\\ConsoleOutput))
#45 C:\\Users\\user\\perpustakaan-9\\vendor\\symfony\\console\\Application.php(171): Symfony\\Component\\Console\\Application->doRun(Object(Symfony\\Component\\Console\\Input\\ArgvInput), Object(Symfony\\Component\\Console\\Output\\ConsoleOutput))
#46 C:\\Users\\user\\perpustakaan-9\\vendor\\laravel\\framework\\src\\Illuminate\\Console\\Application.php(102): Symfony\\Component\\Console\\Application->run(Object(Symfony\\Component\\Console\\Input\\ArgvInput), Object(Symfony\\Component\\Console\\Output\\ConsoleOutput))
#47 C:\\Users\\user\\perpustakaan-9\\vendor\\laravel\\framework\\src\\Illuminate\\Foundation\\Console\\Kernel.php(155): Illuminate\\Console\\Application->run(Object(Symfony\\Component\\Console\\Input\\ArgvInput), Object(Symfony\\Component\\Console\\Output\\ConsoleOutput))
#48 C:\\Users\\user\\perpustakaan-9\\artisan(37): Illuminate\\Foundation\\Console\\Kernel->handle(Object(Symfony\\Component\\Console\\Input\\ArgvInput), Object(Symfony\\Component\\Console\\Output\\ConsoleOutput))
#49 {main}

[previous exception] [object] (PDOException(code: 23000): SQLSTATE[23000]: Integrity constraint violation: 1062 Duplicate entry 'BK-001' for key 'buku.buku_kode_buku_unique' at C:\\Users\\user\\perpustakaan-9\\vendor\\laravel\\framework\\src\\Illuminate\\Database\\Connection.php:545)
[stacktrace]
#0 C:\\Users\\user\\perpustakaan-9\\vendor\\laravel\\framework\\src\\Illuminate\\Database\\Connection.php(545): PDOStatement->execute()
#1 C:\\Users\\user\\perpustakaan-9\\vendor\\laravel\\framework\\src\\Illuminate\\Database\\Connection.php(753): Illuminate\\Database\\Connection->Illuminate\\Database\\{closure}('insert into `bu...', Array)
#2 C:\\Users\\user\\perpustakaan-9\\vendor\\laravel\\framework\\src\\Illuminate\\Database\\Connection.php(720): Illuminate\\Database\\Connection->runQueryCallback('insert into `bu...', Array, Object(Closure))
#3 C:\\Users\\user\\perpustakaan-9\\vendor\\laravel\\framework\\src\\Illuminate\\Database\\Connection.php(546): Illuminate\\Database\\Connection->run('insert into `bu...', Array, Object(Closure))
#4 C:\\Users\\user\\perpustakaan-9\\vendor\\laravel\\framework\\src\\Illuminate\\Database\\Connection.php(498): Illuminate\\Database\\Connection->statement('insert into `bu...', Array)
#5 C:\\Users\\user\\perpustakaan-9\\vendor\\laravel\\framework\\src\\Illuminate\\Database\\Query\\Processors\\Processor.php(32): Illuminate\\Database\\Connection->insert('insert into `bu...', Array)
#6 C:\\Users\\user\\perpustakaan-9\\vendor\\laravel\\framework\\src\\Illuminate\\Database\\Query\\Builder.php(3322): Illuminate\\Database\\Query\\Processors\\Processor->processInsertGetId(Object(Illuminate\\Database\\Query\\Builder), 'insert into `bu...', Array, 'id')
#7 C:\\Users\\user\\perpustakaan-9\\vendor\\laravel\\framework\\src\\Illuminate\\Database\\Eloquent\\Builder.php(1869): Illuminate\\Database\\Query\\Builder->insertGetId(Array, 'id')
#8 C:\\Users\\user\\perpustakaan-9\\vendor\\laravel\\framework\\src\\Illuminate\\Database\\Eloquent\\Model.php(1330): Illuminate\\Database\\Eloquent\\Builder->__call('insertGetId', Array)
#9 C:\\Users\\user\\perpustakaan-9\\vendor\\laravel\\framework\\src\\Illuminate\\Database\\Eloquent\\Model.php(1295): Illuminate\\Database\\Eloquent\\Model->insertAndSetId(Object(Illuminate\\Database\\Eloquent\\Builder), Array)
#10 C:\\Users\\user\\perpustakaan-9\\vendor\\laravel\\framework\\src\\Illuminate\\Database\\Eloquent\\Model.php(1138): Illuminate\\Database\\Eloquent\\Model->performInsert(Object(Illuminate\\Database\\Eloquent\\Builder))
#11 C:\\Users\\user\\perpustakaan-9\\vendor\\laravel\\framework\\src\\Illuminate\\Database\\Eloquent\\Builder.php(986): Illuminate\\Database\\Eloquent\\Model->save()
#12 C:\\Users\\user\\perpustakaan-9\\vendor\\laravel\\framework\\src\\Illuminate\\Support\\helpers.php(319): Illuminate\\Database\\Eloquent\\Builder->Illuminate\\Database\\Eloquent\\{closure}(Object(App\\Models\\buku))
#13 C:\\Users\\user\\perpustakaan-9\\vendor\\laravel\\framework\\src\\Illuminate\\Database\\Eloquent\\Builder.php(987): tap(Object(App\\Models\\buku), Object(Closure))
#14 C:\\Users\\user\\perpustakaan-9\\vendor\\laravel\\framework\\src\\Illuminate\\Support\\Traits\\ForwardsCalls.php(23): Illuminate\\Database\\Eloquent\\Builder->create(Array)
#15 C:\\Users\\user\\perpustakaan-9\\vendor\\laravel\\framework\\src\\Illuminate\\Database\\Eloquent\\Model.php(2330): Illuminate\\Database\\Eloquent\\Model->forwardCallTo(Object(Illuminate\\Database\\Eloquent\\Builder), 'create', Array)
#16 C:\\Users\\user\\perpustakaan-9\\vendor\\laravel\\framework\\src\\Illuminate\\Database\\Eloquent\\Model.php(2342): Illuminate\\Database\\Eloquent\\Model->__call('create', Array)
#17 C:\\Users\\user\\perpustakaan-9\\database\\seeders\\BukuSeeder.php(123): Illuminate\\Database\\Eloquent\\Model::__callStatic('create', Array)
#18 C:\\Users\\user\\perpustakaan-9\\vendor\\laravel\\framework\\src\\Illuminate\\Container\\BoundMethod.php(36): Database\\Seeders\\BukuSeeder->run()
#19 C:\\Users\\user\\perpustakaan-9\\vendor\\laravel\\framework\\src\\Illuminate\\Container\\Util.php(41): Illuminate\\Container\\BoundMethod::Illuminate\\Container\\{closure}()
#20 C:\\Users\\user\\perpustakaan-9\\vendor\\laravel\\framework\\src\\Illuminate\\Container\\BoundMethod.php(93): Illuminate\\Container\\Util::unwrapIfClosure(Object(Closure))
#21 C:\\Users\\user\\perpustakaan-9\\vendor\\laravel\\framework\\src\\Illuminate\\Container\\BoundMethod.php(37): Illuminate\\Container\\BoundMethod::callBoundMethod(Object(Illuminate\\Foundation\\Application), Array, Object(Closure))
#22 C:\\Users\\user\\perpustakaan-9\\vendor\\laravel\\framework\\src\\Illuminate\\Container\\Container.php(661): Illuminate\\Container\\BoundMethod::call(Object(Illuminate\\Foundation\\Application), Array, Array, NULL)
#23 C:\\Users\\user\\perpustakaan-9\\vendor\\laravel\\framework\\src\\Illuminate\\Database\\Seeder.php(184): Illuminate\\Container\\Container->call(Array, Array)
#24 C:\\Users\\user\\perpustakaan-9\\vendor\\laravel\\framework\\src\\Illuminate\\Database\\Seeder.php(193): Illuminate\\Database\\Seeder->Illuminate\\Database\\{closure}()
#25 C:\\Users\\user\\perpustakaan-9\\vendor\\laravel\\framework\\src\\Illuminate\\Database\\Seeder.php(61): Illuminate\\Database\\Seeder->__invoke(Array)
#26 C:\\Users\\user\\perpustakaan-9\\database\\seeders\\DatabaseSeeder.php(15): Illuminate\\Database\\Seeder->call('Database\\\\Seeder...')
#27 C:\\Users\\user\\perpustakaan-9\\vendor\\laravel\\framework\\src\\Illuminate\\Container\\BoundMethod.php(36): Database\\Seeders\\DatabaseSeeder->run()
#28 C:\\Users\\user\\perpustakaan-9\\vendor\\laravel\\framework\\src\\Illuminate\\Container\\Util.php(41): Illuminate\\Container\\BoundMethod::Illuminate\\Container\\{closure}()
#29 C:\\Users\\user\\perpustakaan-9\\vendor\\laravel\\framework\\src\\Illuminate\\Container\\BoundMethod.php(93): Illuminate\\Container\\Util::unwrapIfClosure(Object(Closure))
#30 C:\\Users\\user\\perpustakaan-9\\vendor\\laravel\\framework\\src\\Illuminate\\Container\\BoundMethod.php(37): Illuminate\\Container\\BoundMethod::callBoundMethod(Object(Illuminate\\Foundation\\Application), Array, Object(Closure))
#31 C:\\Users\\user\\perpustakaan-9\\vendor\\laravel\\framework\\src\\Illuminate\\Container\\Container.php(661): Illuminate\\Container\\BoundMethod::call(Object(Illuminate\\Foundation\\Application), Array, Array, NULL)
#32 C:\\Users\\user\\perpustakaan-9\\vendor\\laravel\\framework\\src\\Illuminate\\Database\\Seeder.php(184): Illuminate\\Container\\Container->call(Array, Array)
#33 C:\\Users\\user\\perpustakaan-9\\vendor\\laravel\\framework\\src\\Illuminate\\Database\\Seeder.php(193): Illuminate\\Database\\Seeder->Illuminate\\Database\\{closure}()
#34 C:\\Users\\user\\perpustakaan-9\\vendor\\laravel\\framework\\src\\Illuminate\\Database\\Console\\Seeds\\SeedCommand.php(81): Illuminate\\Database\\Seeder->__invoke()
#35 C:\\Users\\user\\perpustakaan-9\\vendor\\laravel\\framework\\src\\Illuminate\\Database\\Eloquent\\Concerns\\GuardsAttributes.php(155): Illuminate\\Database\\Console\\Seeds\\SeedCommand->Illuminate\\Database\\Console\\Seeds\\{closure}()
#36 C:\\Users\\user\\perpustakaan-9\\vendor\\laravel\\framework\\src\\Illuminate\\Database\\Console\\Seeds\\SeedCommand.php(82): Illuminate\\Database\\Eloquent\\Model::unguarded(Object(Closure))
#37 C:\\Users\\user\\perpustakaan-9\\vendor\\laravel\\framework\\src\\Illuminate\\Container\\BoundMethod.php(36): Illuminate\\Database\\Console\\Seeds\\SeedCommand->handle()
#38 C:\\Users\\user\\perpustakaan-9\\vendor\\laravel\\framework\\src\\Illuminate\\Container\\Util.php(41): Illuminate\\Container\\BoundMethod::Illuminate\\Container\\{closure}()
#39 C:\\Users\\user\\perpustakaan-9\\vendor\\laravel\\framework\\src\\Illuminate\\Container\\BoundMethod.php(93): Illuminate\\Container\\Util::unwrapIfClosure(Object(Closure))
#40 C:\\Users\\user\\perpustakaan-9\\vendor\\laravel\\framework\\src\\Illuminate\\Container\\BoundMethod.php(37): Illuminate\\Container\\BoundMethod::callBoundMethod(Object(Illuminate\\Foundation\\Application), Array, Object(Closure))
#41 C:\\Users\\user\\perpustakaan-9\\vendor\\laravel\\framework\\src\\Illuminate\\Container\\Container.php(661): Illuminate\\Container\\BoundMethod::call(Object(Illuminate\\Foundation\\Application), Array, Array, NULL)
#42 C:\\Users\\user\\perpustakaan-9\\vendor\\laravel\\framework\\src\\Illuminate\\Console\\Command.php(183): Illuminate\\Container\\Container->call(Array)
#43 C:\\Users\\user\\perpustakaan-9\\vendor\\symfony\\console\\Command\\Command.php(291): Illuminate\\Console\\Command->execute(Object(Symfony\\Component\\Console\\Input\\ArgvInput), Object(Illuminate\\Console\\OutputStyle))
#44 C:\\Users\\user\\perpustakaan-9\\vendor\\laravel\\framework\\src\\Illuminate\\Console\\Command.php(153): Symfony\\Component\\Console\\Command\\Command->run(Object(Symfony\\Component\\Console\\Input\\ArgvInput), Object(Illuminate\\Console\\OutputStyle))
#45 C:\\Users\\user\\perpustakaan-9\\vendor\\symfony\\console\\Application.php(1014): Illuminate\\Console\\Command->run(Object(Symfony\\Component\\Console\\Input\\ArgvInput), Object(Symfony\\Component\\Console\\Output\\ConsoleOutput))
#46 C:\\Users\\user\\perpustakaan-9\\vendor\\symfony\\console\\Application.php(301): Symfony\\Component\\Console\\Application->doRunCommand(Object(Illuminate\\Database\\Console\\Seeds\\SeedCommand), Object(Symfony\\Component\\Console\\Input\\ArgvInput), Object(Symfony\\Component\\Console\\Output\\ConsoleOutput))
#47 C:\\Users\\user\\perpustakaan-9\\vendor\\symfony\\console\\Application.php(171): Symfony\\Component\\Console\\Application->doRun(Object(Symfony\\Component\\Console\\Input\\ArgvInput), Object(Symfony\\Component\\Console\\Output\\ConsoleOutput))
#48 C:\\Users\\user\\perpustakaan-9\\vendor\\laravel\\framework\\src\\Illuminate\\Console\\Application.php(102): Symfony\\Component\\Console\\Application->run(Object(Symfony\\Component\\Console\\Input\\ArgvInput), Object(Symfony\\Component\\Console\\Output\\ConsoleOutput))
#49 C:\\Users\\user\\perpustakaan-9\\vendor\\laravel\\framework\\src\\Illuminate\\Foundation\\Console\\Kernel.php(155): Illuminate\\Console\\Application->run(Object(Symfony\\Component\\Console\\Input\\ArgvInput), Object(Symfony\\Component\\Console\\Output\\ConsoleOutput))
#50 C:\\Users\\user\\perpustakaan-9\\artisan(37): Illuminate\\Foundation\\Console\\Kernel->handle(Object(Symfony\\Component\\Console\\Input\\ArgvInput), Object(Symfony\\Component\\Console\\Output\\ConsoleOutput))
#51 {main}
"} 
[2026-06-02 13:39:20] local.ERROR: Route [buku.index] not defined. {"exception":"[object] (Spatie\\LaravelIgnition\\Exceptions\\ViewException(code: 0): Route [buku.index] not defined. at C:\\Users\\user\\perpustakaan-9\\vendor\\laravel\\framework\\src\\Illuminate\\Routing\\UrlGenerator.php:467)
[stacktrace]
#0 C:\\Users\\user\\perpustakaan-9\\vendor\\laravel\\framework\\src\\Illuminate\\Foundation\\helpers.php(826): Illuminate\\Routing\\UrlGenerator->route('buku.index', Array, true)
#1 C:\\Users\\user\\perpustakaan-9\\resources\\views\\home.blade.php(22): route('buku.index')
#2 C:\\Users\\user\\perpustakaan-9\\vendor\\laravel\\framework\\src\\Illuminate\\Filesystem\\Filesystem.php(109): require('C:\\\\Users\\\\user\\\\p...')
#3 C:\\Users\\user\\perpustakaan-9\\vendor\\laravel\\framework\\src\\Illuminate\\Filesystem\\Filesystem.php(110): Illuminate\\Filesystem\\Filesystem::Illuminate\\Filesystem\\{closure}()
#4 C:\\Users\\user\\perpustakaan-9\\vendor\\laravel\\framework\\src\\Illuminate\\View\\Engines\\PhpEngine.php(58): Illuminate\\Filesystem\\Filesystem->getRequire('C:\\\\Users\\\\user\\\\p...', Array)
#5 C:\\Users\\user\\perpustakaan-9\\vendor\\laravel\\framework\\src\\Illuminate\\View\\Engines\\CompilerEngine.php(70): Illuminate\\View\\Engines\\PhpEngine->evaluatePath('C:\\\\Users\\\\user\\\\p...', Array)
#6 C:\\Users\\user\\perpustakaan-9\\vendor\\laravel\\framework\\src\\Illuminate\\View\\View.php(195): Illuminate\\View\\Engines\\CompilerEngine->get('C:\\\\Users\\\\user\\\\p...', Array)
#7 C:\\Users\\user\\perpustakaan-9\\vendor\\laravel\\framework\\src\\Illuminate\\View\\View.php(178): Illuminate\\View\\View->getContents()
#8 C:\\Users\\user\\perpustakaan-9\\vendor\\laravel\\framework\\src\\Illuminate\\View\\View.php(147): Illuminate\\View\\View->renderContents()
#9 C:\\Users\\user\\perpustakaan-9\\vendor\\laravel\\framework\\src\\Illuminate\\Http\\Response.php(69): Illuminate\\View\\View->render()
#10 C:\\Users\\user\\perpustakaan-9\\vendor\\laravel\\framework\\src\\Illuminate\\Http\\Response.php(35): Illuminate\\Http\\Response->setContent(Object(Illuminate\\View\\View))
#11 C:\\Users\\user\\perpustakaan-9\\vendor\\laravel\\framework\\src\\Illuminate\\Routing\\Router.php(906): Illuminate\\Http\\Response->__construct(Object(Illuminate\\View\\View), 200, Array)
#12 C:\\Users\\user\\perpustakaan-9\\vendor\\laravel\\framework\\src\\Illuminate\\Routing\\Router.php(875): Illuminate\\Routing\\Router::toResponse(Object(Illuminate\\Http\\Request), Object(Illuminate\\View\\View))
#13 C:\\Users\\user\\perpustakaan-9\\vendor\\laravel\\framework\\src\\Illuminate\\Routing\\Router.php(798): Illuminate\\Routing\\Router->prepareResponse(Object(Illuminate\\Http\\Request), Object(Illuminate\\View\\View))
#14 C:\\Users\\user\\perpustakaan-9\\vendor\\laravel\\framework\\src\\Illuminate\\Pipeline\\Pipeline.php(141): Illuminate\\Routing\\Router->Illuminate\\Routing\\{closure}(Object(Illuminate\\Http\\Request))
#15 C:\\Users\\user\\perpustakaan-9\\vendor\\laravel\\framework\\src\\Illuminate\\Routing\\Middleware\\SubstituteBindings.php(50): Illuminate\\Pipeline\\Pipeline->Illuminate\\Pipeline\\{closure}(Object(Illuminate\\Http\\Request))
#16 C:\\Users\\user\\perpustakaan-9\\vendor\\laravel\\framework\\src\\Illuminate\\Pipeline\\Pipeline.php(180): Illuminate\\Routing\\Middleware\\SubstituteBindings->handle(Object(Illuminate\\Http\\Request), Object(Closure))
#17 C:\\Users\\user\\perpustakaan-9\\vendor\\laravel\\framework\\src\\Illuminate\\Foundation\\Http\\Middleware\\VerifyCsrfToken.php(78): Illuminate\\Pipeline\\Pipeline->Illuminate\\Pipeline\\{closure}(Object(Illuminate\\Http\\Request))
#18 C:\\Users\\user\\perpustakaan-9\\vendor\\laravel\\framework\\src\\Illuminate\\Pipeline\\Pipeline.php(180): Illuminate\\Foundation\\Http\\Middleware\\VerifyCsrfToken->handle(Object(Illuminate\\Http\\Request), Object(Closure))
#19 C:\\Users\\user\\perpustakaan-9\\vendor\\laravel\\framework\\src\\Illuminate\\View\\Middleware\\ShareErrorsFromSession.php(49): Illuminate\\Pipeline\\Pipeline->Illuminate\\Pipeline\\{closure}(Object(Illuminate\\Http\\Request))
#20 C:\\Users\\user\\perpustakaan-9\\vendor\\laravel\\framework\\src\\Illuminate\\Pipeline\\Pipeline.php(180): Illuminate\\View\\Middleware\\ShareErrorsFromSession->handle(Object(Illuminate\\Http\\Request), Object(Closure))
#21 C:\\Users\\user\\perpustakaan-9\\vendor\\laravel\\framework\\src\\Illuminate\\Session\\Middleware\\StartSession.php(121): Illuminate\\Pipeline\\Pipeline->Illuminate\\Pipeline\\{closure}(Object(Illuminate\\Http\\Request))
#22 C:\\Users\\user\\perpustakaan-9\\vendor\\laravel\\framework\\src\\Illuminate\\Session\\Middleware\\StartSession.php(64): Illuminate\\Session\\Middleware\\StartSession->handleStatefulRequest(Object(Illuminate\\Http\\Request), Object(Illuminate\\Session\\Store), Object(Closure))
#23 C:\\Users\\user\\perpustakaan-9\\vendor\\laravel\\framework\\src\\Illuminate\\Pipeline\\Pipeline.php(180): Illuminate\\Session\\Middleware\\StartSession->handle(Object(Illuminate\\Http\\Request), Object(Closure))
#24 C:\\Users\\user\\perpustakaan-9\\vendor\\laravel\\framework\\src\\Illuminate\\Cookie\\Middleware\\AddQueuedCookiesToResponse.php(37): Illuminate\\Pipeline\\Pipeline->Illuminate\\Pipeline\\{closure}(Object(Illuminate\\Http\\Request))
#25 C:\\Users\\user\\perpustakaan-9\\vendor\\laravel\\framework\\src\\Illuminate\\Pipeline\\Pipeline.php(180): Illuminate\\Cookie\\Middleware\\AddQueuedCookiesToResponse->handle(Object(Illuminate\\Http\\Request), Object(Closure))
#26 C:\\Users\\user\\perpustakaan-9\\vendor\\laravel\\framework\\src\\Illuminate\\Cookie\\Middleware\\EncryptCookies.php(67): Illuminate\\Pipeline\\Pipeline->Illuminate\\Pipeline\\{closure}(Object(Illuminate\\Http\\Request))
#27 C:\\Users\\user\\perpustakaan-9\\vendor\\laravel\\framework\\src\\Illuminate\\Pipeline\\Pipeline.php(180): Illuminate\\Cookie\\Middleware\\EncryptCookies->handle(Object(Illuminate\\Http\\Request), Object(Closure))
#28 C:\\Users\\user\\perpustakaan-9\\vendor\\laravel\\framework\\src\\Illuminate\\Pipeline\\Pipeline.php(116): Illuminate\\Pipeline\\Pipeline->Illuminate\\Pipeline\\{closure}(Object(Illuminate\\Http\\Request))
#29 C:\\Users\\user\\perpustakaan-9\\vendor\\laravel\\framework\\src\\Illuminate\\Routing\\Router.php(799): Illuminate\\Pipeline\\Pipeline->then(Object(Closure))
#30 C:\\Users\\user\\perpustakaan-9\\vendor\\laravel\\framework\\src\\Illuminate\\Routing\\Router.php(776): Illuminate\\Routing\\Router->runRouteWithinStack(Object(Illuminate\\Routing\\Route), Object(Illuminate\\Http\\Request))
#31 C:\\Users\\user\\perpustakaan-9\\vendor\\laravel\\framework\\src\\Illuminate\\Routing\\Router.php(740): Illuminate\\Routing\\Router->runRoute(Object(Illuminate\\Http\\Request), Object(Illuminate\\Routing\\Route))
#32 C:\\Users\\user\\perpustakaan-9\\vendor\\laravel\\framework\\src\\Illuminate\\Routing\\Router.php(729): Illuminate\\Routing\\Router->dispatchToRoute(Object(Illuminate\\Http\\Request))
#33 C:\\Users\\user\\perpustakaan-9\\vendor\\laravel\\framework\\src\\Illuminate\\Foundation\\Http\\Kernel.php(190): Illuminate\\Routing\\Router->dispatch(Object(Illuminate\\Http\\Request))
#34 C:\\Users\\user\\perpustakaan-9\\vendor\\laravel\\framework\\src\\Illuminate\\Pipeline\\Pipeline.php(141): Illuminate\\Foundation\\Http\\Kernel->Illuminate\\Foundation\\Http\\{closure}(Object(Illuminate\\Http\\Request))
#35 C:\\Users\\user\\perpustakaan-9\\vendor\\laravel\\framework\\src\\Illuminate\\Foundation\\Http\\Middleware\\TransformsRequest.php(21): Illuminate\\Pipeline\\Pipeline->Illuminate\\Pipeline\\{closure}(Object(Illuminate\\Http\\Request))
#36 C:\\Users\\user\\perpustakaan-9\\vendor\\laravel\\framework\\src\\Illuminate\\Foundation\\Http\\Middleware\\ConvertEmptyStringsToNull.php(31): Illuminate\\Foundation\\Http\\Middleware\\TransformsRequest->handle(Object(Illuminate\\Http\\Request), Object(Closure))
#37 C:\\Users\\user\\perpustakaan-9\\vendor\\laravel\\framework\\src\\Illuminate\\Pipeline\\Pipeline.php(180): Illuminate\\Foundation\\Http\\Middleware\\ConvertEmptyStringsToNull->handle(Object(Illuminate\\Http\\Request), Object(Closure))
#38 C:\\Users\\user\\perpustakaan-9\\vendor\\laravel\\framework\\src\\Illuminate\\Foundation\\Http\\Middleware\\TransformsRequest.php(21): Illuminate\\Pipeline\\Pipeline->Illuminate\\Pipeline\\{closure}(Object(Illuminate\\Http\\Request))
#39 C:\\Users\\user\\perpustakaan-9\\vendor\\laravel\\framework\\src\\Illuminate\\Foundation\\Http\\Middleware\\TrimStrings.php(40): Illuminate\\Foundation\\Http\\Middleware\\TransformsRequest->handle(Object(Illuminate\\Http\\Request), Object(Closure))
#40 C:\\Users\\user\\perpustakaan-9\\vendor\\laravel\\framework\\src\\Illuminate\\Pipeline\\Pipeline.php(180): Illuminate\\Foundation\\Http\\Middleware\\TrimStrings->handle(Object(Illuminate\\Http\\Request), Object(Closure))
#41 C:\\Users\\user\\perpustakaan-9\\vendor\\laravel\\framework\\src\\Illuminate\\Foundation\\Http\\Middleware\\ValidatePostSize.php(27): Illuminate\\Pipeline\\Pipeline->Illuminate\\Pipeline\\{closure}(Object(Illuminate\\Http\\Request))
#42 C:\\Users\\user\\perpustakaan-9\\vendor\\laravel\\framework\\src\\Illuminate\\Pipeline\\Pipeline.php(180): Illuminate\\Foundation\\Http\\Middleware\\ValidatePostSize->handle(Object(Illuminate\\Http\\Request), Object(Closure))
#43 C:\\Users\\user\\perpustakaan-9\\vendor\\laravel\\framework\\src\\Illuminate\\Foundation\\Http\\Middleware\\PreventRequestsDuringMaintenance.php(86): Illuminate\\Pipeline\\Pipeline->Illuminate\\Pipeline\\{closure}(Object(Illuminate\\Http\\Request))
#44 C:\\Users\\user\\perpustakaan-9\\vendor\\laravel\\framework\\src\\Illuminate\\Pipeline\\Pipeline.php(180): Illuminate\\Foundation\\Http\\Middleware\\PreventRequestsDuringMaintenance->handle(Object(Illuminate\\Http\\Request), Object(Closure))
#45 C:\\Users\\user\\perpustakaan-9\\vendor\\fruitcake\\laravel-cors\\src\\HandleCors.php(38): Illuminate\\Pipeline\\Pipeline->Illuminate\\Pipeline\\{closure}(Object(Illuminate\\Http\\Request))
#46 C:\\Users\\user\\perpustakaan-9\\vendor\\laravel\\framework\\src\\Illuminate\\Pipeline\\Pipeline.php(180): Fruitcake\\Cors\\HandleCors->handle(Object(Illuminate\\Http\\Request), Object(Closure))
#47 C:\\Users\\user\\perpustakaan-9\\vendor\\laravel\\framework\\src\\Illuminate\\Http\\Middleware\\TrustProxies.php(39): Illuminate\\Pipeline\\Pipeline->Illuminate\\Pipeline\\{closure}(Object(Illuminate\\Http\\Request))
#48 C:\\Users\\user\\perpustakaan-9\\vendor\\laravel\\framework\\src\\Illuminate\\Pipeline\\Pipeline.php(180): Illuminate\\Http\\Middleware\\TrustProxies->handle(Object(Illuminate\\Http\\Request), Object(Closure))
#49 C:\\Users\\user\\perpustakaan-9\\vendor\\laravel\\framework\\src\\Illuminate\\Pipeline\\Pipeline.php(116): Illuminate\\Pipeline\\Pipeline->Illuminate\\Pipeline\\{closure}(Object(Illuminate\\Http\\Request))
#50 C:\\Users\\user\\perpustakaan-9\\vendor\\laravel\\framework\\src\\Illuminate\\Foundation\\Http\\Kernel.php(165): Illuminate\\Pipeline\\Pipeline->then(Object(Closure))
#51 C:\\Users\\user\\perpustakaan-9\\vendor\\laravel\\framework\\src\\Illuminate\\Foundation\\Http\\Kernel.php(134): Illuminate\\Foundation\\Http\\Kernel->sendRequestThroughRouter(Object(Illuminate\\Http\\Request))
#52 C:\\Users\\user\\perpustakaan-9\\public\\index.php(52): Illuminate\\Foundation\\Http\\Kernel->handle(Object(Illuminate\\Http\\Request))
#53 C:\\Users\\user\\perpustakaan-9\\vendor\\laravel\\framework\\src\\Illuminate\\Foundation\\resources\\server.php(16): require_once('C:\\\\Users\\\\user\\\\p...')
#54 {main}

[previous exception] [object] (Symfony\\Component\\Routing\\Exception\\RouteNotFoundException(code: 0): Route [buku.index] not defined. at C:\\Users\\user\\perpustakaan-9\\vendor\\laravel\\framework\\src\\Illuminate\\Routing\\UrlGenerator.php:467)
[stacktrace]
#0 C:\\Users\\user\\perpustakaan-9\\vendor\\laravel\\framework\\src\\Illuminate\\Foundation\\helpers.php(826): Illuminate\\Routing\\UrlGenerator->route('buku.index', Array, true)
#1 C:\\Users\\user\\perpustakaan-9\\storage\\framework\\views\\e44d3acdefc60594e45699385658ff98478f75bd.php(22): route('buku.index')
#2 C:\\Users\\user\\perpustakaan-9\\vendor\\laravel\\framework\\src\\Illuminate\\Filesystem\\Filesystem.php(109): require('C:\\\\Users\\\\user\\\\p...')
#3 C:\\Users\\user\\perpustakaan-9\\vendor\\laravel\\framework\\src\\Illuminate\\Filesystem\\Filesystem.php(110): Illuminate\\Filesystem\\Filesystem::Illuminate\\Filesystem\\{closure}()
#4 C:\\Users\\user\\perpustakaan-9\\vendor\\laravel\\framework\\src\\Illuminate\\View\\Engines\\PhpEngine.php(58): Illuminate\\Filesystem\\Filesystem->getRequire('C:\\\\Users\\\\user\\\\p...', Array)
#5 C:\\Users\\user\\perpustakaan-9\\vendor\\laravel\\framework\\src\\Illuminate\\View\\Engines\\CompilerEngine.php(70): Illuminate\\View\\Engines\\PhpEngine->evaluatePath('C:\\\\Users\\\\user\\\\p...', Array)
#6 C:\\Users\\user\\perpustakaan-9\\vendor\\laravel\\framework\\src\\Illuminate\\View\\View.php(195): Illuminate\\View\\Engines\\CompilerEngine->get('C:\\\\Users\\\\user\\\\p...', Array)
#7 C:\\Users\\user\\perpustakaan-9\\vendor\\laravel\\framework\\src\\Illuminate\\View\\View.php(178): Illuminate\\View\\View->getContents()
#8 C:\\Users\\user\\perpustakaan-9\\vendor\\laravel\\framework\\src\\Illuminate\\View\\View.php(147): Illuminate\\View\\View->renderContents()
#9 C:\\Users\\user\\perpustakaan-9\\vendor\\laravel\\framework\\src\\Illuminate\\Http\\Response.php(69): Illuminate\\View\\View->render()
#10 C:\\Users\\user\\perpustakaan-9\\vendor\\laravel\\framework\\src\\Illuminate\\Http\\Response.php(35): Illuminate\\Http\\Response->setContent(Object(Illuminate\\View\\View))
#11 C:\\Users\\user\\perpustakaan-9\\vendor\\laravel\\framework\\src\\Illuminate\\Routing\\Router.php(906): Illuminate\\Http\\Response->__construct(Object(Illuminate\\View\\View), 200, Array)
#12 C:\\Users\\user\\perpustakaan-9\\vendor\\laravel\\framework\\src\\Illuminate\\Routing\\Router.php(875): Illuminate\\Routing\\Router::toResponse(Object(Illuminate\\Http\\Request), Object(Illuminate\\View\\View))
#13 C:\\Users\\user\\perpustakaan-9\\vendor\\laravel\\framework\\src\\Illuminate\\Routing\\Router.php(798): Illuminate\\Routing\\Router->prepareResponse(Object(Illuminate\\Http\\Request), Object(Illuminate\\View\\View))
#14 C:\\Users\\user\\perpustakaan-9\\vendor\\laravel\\framework\\src\\Illuminate\\Pipeline\\Pipeline.php(141): Illuminate\\Routing\\Router->Illuminate\\Routing\\{closure}(Object(Illuminate\\Http\\Request))
#15 C:\\Users\\user\\perpustakaan-9\\vendor\\laravel\\framework\\src\\Illuminate\\Routing\\Middleware\\SubstituteBindings.php(50): Illuminate\\Pipeline\\Pipeline->Illuminate\\Pipeline\\{closure}(Object(Illuminate\\Http\\Request))
#16 C:\\Users\\user\\perpustakaan-9\\vendor\\laravel\\framework\\src\\Illuminate\\Pipeline\\Pipeline.php(180): Illuminate\\Routing\\Middleware\\SubstituteBindings->handle(Object(Illuminate\\Http\\Request), Object(Closure))
#17 C:\\Users\\user\\perpustakaan-9\\vendor\\laravel\\framework\\src\\Illuminate\\Foundation\\Http\\Middleware\\VerifyCsrfToken.php(78): Illuminate\\Pipeline\\Pipeline->Illuminate\\Pipeline\\{closure}(Object(Illuminate\\Http\\Request))
#18 C:\\Users\\user\\perpustakaan-9\\vendor\\laravel\\framework\\src\\Illuminate\\Pipeline\\Pipeline.php(180): Illuminate\\Foundation\\Http\\Middleware\\VerifyCsrfToken->handle(Object(Illuminate\\Http\\Request), Object(Closure))
#19 C:\\Users\\user\\perpustakaan-9\\vendor\\laravel\\framework\\src\\Illuminate\\View\\Middleware\\ShareErrorsFromSession.php(49): Illuminate\\Pipeline\\Pipeline->Illuminate\\Pipeline\\{closure}(Object(Illuminate\\Http\\Request))
#20 C:\\Users\\user\\perpustakaan-9\\vendor\\laravel\\framework\\src\\Illuminate\\Pipeline\\Pipeline.php(180): Illuminate\\View\\Middleware\\ShareErrorsFromSession->handle(Object(Illuminate\\Http\\Request), Object(Closure))
#21 C:\\Users\\user\\perpustakaan-9\\vendor\\laravel\\framework\\src\\Illuminate\\Session\\Middleware\\StartSession.php(121): Illuminate\\Pipeline\\Pipeline->Illuminate\\Pipeline\\{closure}(Object(Illuminate\\Http\\Request))
#22 C:\\Users\\user\\perpustakaan-9\\vendor\\laravel\\framework\\src\\Illuminate\\Session\\Middleware\\StartSession.php(64): Illuminate\\Session\\Middleware\\StartSession->handleStatefulRequest(Object(Illuminate\\Http\\Request), Object(Illuminate\\Session\\Store), Object(Closure))
#23 C:\\Users\\user\\perpustakaan-9\\vendor\\laravel\\framework\\src\\Illuminate\\Pipeline\\Pipeline.php(180): Illuminate\\Session\\Middleware\\StartSession->handle(Object(Illuminate\\Http\\Request), Object(Closure))
#24 C:\\Users\\user\\perpustakaan-9\\vendor\\laravel\\framework\\src\\Illuminate\\Cookie\\Middleware\\AddQueuedCookiesToResponse.php(37): Illuminate\\Pipeline\\Pipeline->Illuminate\\Pipeline\\{closure}(Object(Illuminate\\Http\\Request))
#25 C:\\Users\\user\\perpustakaan-9\\vendor\\laravel\\framework\\src\\Illuminate\\Pipeline\\Pipeline.php(180): Illuminate\\Cookie\\Middleware\\AddQueuedCookiesToResponse->handle(Object(Illuminate\\Http\\Request), Object(Closure))
#26 C:\\Users\\user\\perpustakaan-9\\vendor\\laravel\\framework\\src\\Illuminate\\Cookie\\Middleware\\EncryptCookies.php(67): Illuminate\\Pipeline\\Pipeline->Illuminate\\Pipeline\\{closure}(Object(Illuminate\\Http\\Request))
#27 C:\\Users\\user\\perpustakaan-9\\vendor\\laravel\\framework\\src\\Illuminate\\Pipeline\\Pipeline.php(180): Illuminate\\Cookie\\Middleware\\EncryptCookies->handle(Object(Illuminate\\Http\\Request), Object(Closure))
#28 C:\\Users\\user\\perpustakaan-9\\vendor\\laravel\\framework\\src\\Illuminate\\Pipeline\\Pipeline.php(116): Illuminate\\Pipeline\\Pipeline->Illuminate\\Pipeline\\{closure}(Object(Illuminate\\Http\\Request))
#29 C:\\Users\\user\\perpustakaan-9\\vendor\\laravel\\framework\\src\\Illuminate\\Routing\\Router.php(799): Illuminate\\Pipeline\\Pipeline->then(Object(Closure))
#30 C:\\Users\\user\\perpustakaan-9\\vendor\\laravel\\framework\\src\\Illuminate\\Routing\\Router.php(776): Illuminate\\Routing\\Router->runRouteWithinStack(Object(Illuminate\\Routing\\Route), Object(Illuminate\\Http\\Request))
#31 C:\\Users\\user\\perpustakaan-9\\vendor\\laravel\\framework\\src\\Illuminate\\Routing\\Router.php(740): Illuminate\\Routing\\Router->runRoute(Object(Illuminate\\Http\\Request), Object(Illuminate\\Routing\\Route))
#32 C:\\Users\\user\\perpustakaan-9\\vendor\\laravel\\framework\\src\\Illuminate\\Routing\\Router.php(729): Illuminate\\Routing\\Router->dispatchToRoute(Object(Illuminate\\Http\\Request))
#33 C:\\Users\\user\\perpustakaan-9\\vendor\\laravel\\framework\\src\\Illuminate\\Foundation\\Http\\Kernel.php(190): Illuminate\\Routing\\Router->dispatch(Object(Illuminate\\Http\\Request))
#34 C:\\Users\\user\\perpustakaan-9\\vendor\\laravel\\framework\\src\\Illuminate\\Pipeline\\Pipeline.php(141): Illuminate\\Foundation\\Http\\Kernel->Illuminate\\Foundation\\Http\\{closure}(Object(Illuminate\\Http\\Request))
#35 C:\\Users\\user\\perpustakaan-9\\vendor\\laravel\\framework\\src\\Illuminate\\Foundation\\Http\\Middleware\\TransformsRequest.php(21): Illuminate\\Pipeline\\Pipeline->Illuminate\\Pipeline\\{closure}(Object(Illuminate\\Http\\Request))
#36 C:\\Users\\user\\perpustakaan-9\\vendor\\laravel\\framework\\src\\Illuminate\\Foundation\\Http\\Middleware\\ConvertEmptyStringsToNull.php(31): Illuminate\\Foundation\\Http\\Middleware\\TransformsRequest->handle(Object(Illuminate\\Http\\Request), Object(Closure))
#37 C:\\Users\\user\\perpustakaan-9\\vendor\\laravel\\framework\\src\\Illuminate\\Pipeline\\Pipeline.php(180): Illuminate\\Foundation\\Http\\Middleware\\ConvertEmptyStringsToNull->handle(Object(Illuminate\\Http\\Request), Object(Closure))
#38 C:\\Users\\user\\perpustakaan-9\\vendor\\laravel\\framework\\src\\Illuminate\\Foundation\\Http\\Middleware\\TransformsRequest.php(21): Illuminate\\Pipeline\\Pipeline->Illuminate\\Pipeline\\{closure}(Object(Illuminate\\Http\\Request))
#39 C:\\Users\\user\\perpustakaan-9\\vendor\\laravel\\framework\\src\\Illuminate\\Foundation\\Http\\Middleware\\TrimStrings.php(40): Illuminate\\Foundation\\Http\\Middleware\\TransformsRequest->handle(Object(Illuminate\\Http\\Request), Object(Closure))
#40 C:\\Users\\user\\perpustakaan-9\\vendor\\laravel\\framework\\src\\Illuminate\\Pipeline\\Pipeline.php(180): Illuminate\\Foundation\\Http\\Middleware\\TrimStrings->handle(Object(Illuminate\\Http\\Request), Object(Closure))
#41 C:\\Users\\user\\perpustakaan-9\\vendor\\laravel\\framework\\src\\Illuminate\\Foundation\\Http\\Middleware\\ValidatePostSize.php(27): Illuminate\\Pipeline\\Pipeline->Illuminate\\Pipeline\\{closure}(Object(Illuminate\\Http\\Request))
#42 C:\\Users\\user\\perpustakaan-9\\vendor\\laravel\\framework\\src\\Illuminate\\Pipeline\\Pipeline.php(180): Illuminate\\Foundation\\Http\\Middleware\\ValidatePostSize->handle(Object(Illuminate\\Http\\Request), Object(Closure))
#43 C:\\Users\\user\\perpustakaan-9\\vendor\\laravel\\framework\\src\\Illuminate\\Foundation\\Http\\Middleware\\PreventRequestsDuringMaintenance.php(86): Illuminate\\Pipeline\\Pipeline->Illuminate\\Pipeline\\{closure}(Object(Illuminate\\Http\\Request))
#44 C:\\Users\\user\\perpustakaan-9\\vendor\\laravel\\framework\\src\\Illuminate\\Pipeline\\Pipeline.php(180): Illuminate\\Foundation\\Http\\Middleware\\PreventRequestsDuringMaintenance->handle(Object(Illuminate\\Http\\Request), Object(Closure))
#45 C:\\Users\\user\\perpustakaan-9\\vendor\\fruitcake\\laravel-cors\\src\\HandleCors.php(38): Illuminate\\Pipeline\\Pipeline->Illuminate\\Pipeline\\{closure}(Object(Illuminate\\Http\\Request))
#46 C:\\Users\\user\\perpustakaan-9\\vendor\\laravel\\framework\\src\\Illuminate\\Pipeline\\Pipeline.php(180): Fruitcake\\Cors\\HandleCors->handle(Object(Illuminate\\Http\\Request), Object(Closure))
#47 C:\\Users\\user\\perpustakaan-9\\vendor\\laravel\\framework\\src\\Illuminate\\Http\\Middleware\\TrustProxies.php(39): Illuminate\\Pipeline\\Pipeline->Illuminate\\Pipeline\\{closure}(Object(Illuminate\\Http\\Request))
#48 C:\\Users\\user\\perpustakaan-9\\vendor\\laravel\\framework\\src\\Illuminate\\Pipeline\\Pipeline.php(180): Illuminate\\Http\\Middleware\\TrustProxies->handle(Object(Illuminate\\Http\\Request), Object(Closure))
#49 C:\\Users\\user\\perpustakaan-9\\vendor\\laravel\\framework\\src\\Illuminate\\Pipeline\\Pipeline.php(116): Illuminate\\Pipeline\\Pipeline->Illuminate\\Pipeline\\{closure}(Object(Illuminate\\Http\\Request))
#50 C:\\Users\\user\\perpustakaan-9\\vendor\\laravel\\framework\\src\\Illuminate\\Foundation\\Http\\Kernel.php(165): Illuminate\\Pipeline\\Pipeline->then(Object(Closure))
#51 C:\\Users\\user\\perpustakaan-9\\vendor\\laravel\\framework\\src\\Illuminate\\Foundation\\Http\\Kernel.php(134): Illuminate\\Foundation\\Http\\Kernel->sendRequestThroughRouter(Object(Illuminate\\Http\\Request))
#52 C:\\Users\\user\\perpustakaan-9\\public\\index.php(52): Illuminate\\Foundation\\Http\\Kernel->handle(Object(Illuminate\\Http\\Request))
#53 C:\\Users\\user\\perpustakaan-9\\vendor\\laravel\\framework\\src\\Illuminate\\Foundation\\resources\\server.php(16): require_once('C:\\\\Users\\\\user\\\\p...')
#54 {main}
"} 
[2026-06-02 13:40:24] local.ERROR: Command "route:clearphp" is not defined.

Did you mean one of these?
    route:cache
    route:clear
    route:list {"exception":"[object] (Symfony\\Component\\Console\\Exception\\CommandNotFoundException(code: 0): Command \"route:clearphp\" is not defined.

Did you mean one of these?
    route:cache
    route:clear
    route:list at C:\\Users\\user\\perpustakaan-9\\vendor\\symfony\\console\\Application.php:694)
[stacktrace]
#0 C:\\Users\\user\\perpustakaan-9\\vendor\\symfony\\console\\Application.php(259): Symfony\\Component\\Console\\Application->find('route:clearphp')
#1 C:\\Users\\user\\perpustakaan-9\\vendor\\symfony\\console\\Application.php(171): Symfony\\Component\\Console\\Application->doRun(Object(Symfony\\Component\\Console\\Input\\ArgvInput), Object(Symfony\\Component\\Console\\Output\\ConsoleOutput))
#2 C:\\Users\\user\\perpustakaan-9\\vendor\\laravel\\framework\\src\\Illuminate\\Console\\Application.php(102): Symfony\\Component\\Console\\Application->run(Object(Symfony\\Component\\Console\\Input\\ArgvInput), Object(Symfony\\Component\\Console\\Output\\ConsoleOutput))
#3 C:\\Users\\user\\perpustakaan-9\\vendor\\laravel\\framework\\src\\Illuminate\\Foundation\\Console\\Kernel.php(155): Illuminate\\Console\\Application->run(Object(Symfony\\Component\\Console\\Input\\ArgvInput), Object(Symfony\\Component\\Console\\Output\\ConsoleOutput))
#4 C:\\Users\\user\\perpustakaan-9\\artisan(37): Illuminate\\Foundation\\Console\\Kernel->handle(Object(Symfony\\Component\\Console\\Input\\ArgvInput), Object(Symfony\\Component\\Console\\Output\\ConsoleOutput))
#5 {main}
"} 
[2026-06-02 13:40:46] local.ERROR: Route [buku.index] not defined. {"exception":"[object] (Spatie\\LaravelIgnition\\Exceptions\\ViewException(code: 0): Route [buku.index] not defined. at C:\\Users\\user\\perpustakaan-9\\vendor\\laravel\\framework\\src\\Illuminate\\Routing\\UrlGenerator.php:467)
[stacktrace]
#0 C:\\Users\\user\\perpustakaan-9\\vendor\\laravel\\framework\\src\\Illuminate\\Foundation\\helpers.php(826): Illuminate\\Routing\\UrlGenerator->route('buku.index', Array, true)
#1 C:\\Users\\user\\perpustakaan-9\\resources\\views\\home.blade.php(22): route('buku.index')
#2 C:\\Users\\user\\perpustakaan-9\\vendor\\laravel\\framework\\src\\Illuminate\\Filesystem\\Filesystem.php(109): require('C:\\\\Users\\\\user\\\\p...')
#3 C:\\Users\\user\\perpustakaan-9\\vendor\\laravel\\framework\\src\\Illuminate\\Filesystem\\Filesystem.php(110): Illuminate\\Filesystem\\Filesystem::Illuminate\\Filesystem\\{closure}()
#4 C:\\Users\\user\\perpustakaan-9\\vendor\\laravel\\framework\\src\\Illuminate\\View\\Engines\\PhpEngine.php(58): Illuminate\\Filesystem\\Filesystem->getRequire('C:\\\\Users\\\\user\\\\p...', Array)
#5 C:\\Users\\user\\perpustakaan-9\\vendor\\laravel\\framework\\src\\Illuminate\\View\\Engines\\CompilerEngine.php(70): Illuminate\\View\\Engines\\PhpEngine->evaluatePath('C:\\\\Users\\\\user\\\\p...', Array)
#6 C:\\Users\\user\\perpustakaan-9\\vendor\\laravel\\framework\\src\\Illuminate\\View\\View.php(195): Illuminate\\View\\Engines\\CompilerEngine->get('C:\\\\Users\\\\user\\\\p...', Array)
#7 C:\\Users\\user\\perpustakaan-9\\vendor\\laravel\\framework\\src\\Illuminate\\View\\View.php(178): Illuminate\\View\\View->getContents()
#8 C:\\Users\\user\\perpustakaan-9\\vendor\\laravel\\framework\\src\\Illuminate\\View\\View.php(147): Illuminate\\View\\View->renderContents()
#9 C:\\Users\\user\\perpustakaan-9\\vendor\\laravel\\framework\\src\\Illuminate\\Http\\Response.php(69): Illuminate\\View\\View->render()
#10 C:\\Users\\user\\perpustakaan-9\\vendor\\laravel\\framework\\src\\Illuminate\\Http\\Response.php(35): Illuminate\\Http\\Response->setContent(Object(Illuminate\\View\\View))
#11 C:\\Users\\user\\perpustakaan-9\\vendor\\laravel\\framework\\src\\Illuminate\\Routing\\Router.php(906): Illuminate\\Http\\Response->__construct(Object(Illuminate\\View\\View), 200, Array)
#12 C:\\Users\\user\\perpustakaan-9\\vendor\\laravel\\framework\\src\\Illuminate\\Routing\\Router.php(875): Illuminate\\Routing\\Router::toResponse(Object(Illuminate\\Http\\Request), Object(Illuminate\\View\\View))
#13 C:\\Users\\user\\perpustakaan-9\\vendor\\laravel\\framework\\src\\Illuminate\\Routing\\Router.php(798): Illuminate\\Routing\\Router->prepareResponse(Object(Illuminate\\Http\\Request), Object(Illuminate\\View\\View))
#14 C:\\Users\\user\\perpustakaan-9\\vendor\\laravel\\framework\\src\\Illuminate\\Pipeline\\Pipeline.php(141): Illuminate\\Routing\\Router->Illuminate\\Routing\\{closure}(Object(Illuminate\\Http\\Request))
#15 C:\\Users\\user\\perpustakaan-9\\vendor\\laravel\\framework\\src\\Illuminate\\Routing\\Middleware\\SubstituteBindings.php(50): Illuminate\\Pipeline\\Pipeline->Illuminate\\Pipeline\\{closure}(Object(Illuminate\\Http\\Request))
#16 C:\\Users\\user\\perpustakaan-9\\vendor\\laravel\\framework\\src\\Illuminate\\Pipeline\\Pipeline.php(180): Illuminate\\Routing\\Middleware\\SubstituteBindings->handle(Object(Illuminate\\Http\\Request), Object(Closure))
#17 C:\\Users\\user\\perpustakaan-9\\vendor\\laravel\\framework\\src\\Illuminate\\Foundation\\Http\\Middleware\\VerifyCsrfToken.php(78): Illuminate\\Pipeline\\Pipeline->Illuminate\\Pipeline\\{closure}(Object(Illuminate\\Http\\Request))
#18 C:\\Users\\user\\perpustakaan-9\\vendor\\laravel\\framework\\src\\Illuminate\\Pipeline\\Pipeline.php(180): Illuminate\\Foundation\\Http\\Middleware\\VerifyCsrfToken->handle(Object(Illuminate\\Http\\Request), Object(Closure))
#19 C:\\Users\\user\\perpustakaan-9\\vendor\\laravel\\framework\\src\\Illuminate\\View\\Middleware\\ShareErrorsFromSession.php(49): Illuminate\\Pipeline\\Pipeline->Illuminate\\Pipeline\\{closure}(Object(Illuminate\\Http\\Request))
#20 C:\\Users\\user\\perpustakaan-9\\vendor\\laravel\\framework\\src\\Illuminate\\Pipeline\\Pipeline.php(180): Illuminate\\View\\Middleware\\ShareErrorsFromSession->handle(Object(Illuminate\\Http\\Request), Object(Closure))
#21 C:\\Users\\user\\perpustakaan-9\\vendor\\laravel\\framework\\src\\Illuminate\\Session\\Middleware\\StartSession.php(121): Illuminate\\Pipeline\\Pipeline->Illuminate\\Pipeline\\{closure}(Object(Illuminate\\Http\\Request))
#22 C:\\Users\\user\\perpustakaan-9\\vendor\\laravel\\framework\\src\\Illuminate\\Session\\Middleware\\StartSession.php(64): Illuminate\\Session\\Middleware\\StartSession->handleStatefulRequest(Object(Illuminate\\Http\\Request), Object(Illuminate\\Session\\Store), Object(Closure))
#23 C:\\Users\\user\\perpustakaan-9\\vendor\\laravel\\framework\\src\\Illuminate\\Pipeline\\Pipeline.php(180): Illuminate\\Session\\Middleware\\StartSession->handle(Object(Illuminate\\Http\\Request), Object(Closure))
#24 C:\\Users\\user\\perpustakaan-9\\vendor\\laravel\\framework\\src\\Illuminate\\Cookie\\Middleware\\AddQueuedCookiesToResponse.php(37): Illuminate\\Pipeline\\Pipeline->Illuminate\\Pipeline\\{closure}(Object(Illuminate\\Http\\Request))
#25 C:\\Users\\user\\perpustakaan-9\\vendor\\laravel\\framework\\src\\Illuminate\\Pipeline\\Pipeline.php(180): Illuminate\\Cookie\\Middleware\\AddQueuedCookiesToResponse->handle(Object(Illuminate\\Http\\Request), Object(Closure))
#26 C:\\Users\\user\\perpustakaan-9\\vendor\\laravel\\framework\\src\\Illuminate\\Cookie\\Middleware\\EncryptCookies.php(67): Illuminate\\Pipeline\\Pipeline->Illuminate\\Pipeline\\{closure}(Object(Illuminate\\Http\\Request))
#27 C:\\Users\\user\\perpustakaan-9\\vendor\\laravel\\framework\\src\\Illuminate\\Pipeline\\Pipeline.php(180): Illuminate\\Cookie\\Middleware\\EncryptCookies->handle(Object(Illuminate\\Http\\Request), Object(Closure))
#28 C:\\Users\\user\\perpustakaan-9\\vendor\\laravel\\framework\\src\\Illuminate\\Pipeline\\Pipeline.php(116): Illuminate\\Pipeline\\Pipeline->Illuminate\\Pipeline\\{closure}(Object(Illuminate\\Http\\Request))
#29 C:\\Users\\user\\perpustakaan-9\\vendor\\laravel\\framework\\src\\Illuminate\\Routing\\Router.php(799): Illuminate\\Pipeline\\Pipeline->then(Object(Closure))
#30 C:\\Users\\user\\perpustakaan-9\\vendor\\laravel\\framework\\src\\Illuminate\\Routing\\Router.php(776): Illuminate\\Routing\\Router->runRouteWithinStack(Object(Illuminate\\Routing\\Route), Object(Illuminate\\Http\\Request))
#31 C:\\Users\\user\\perpustakaan-9\\vendor\\laravel\\framework\\src\\Illuminate\\Routing\\Router.php(740): Illuminate\\Routing\\Router->runRoute(Object(Illuminate\\Http\\Request), Object(Illuminate\\Routing\\Route))
#32 C:\\Users\\user\\perpustakaan-9\\vendor\\laravel\\framework\\src\\Illuminate\\Routing\\Router.php(729): Illuminate\\Routing\\Router->dispatchToRoute(Object(Illuminate\\Http\\Request))
#33 C:\\Users\\user\\perpustakaan-9\\vendor\\laravel\\framework\\src\\Illuminate\\Foundation\\Http\\Kernel.php(190): Illuminate\\Routing\\Router->dispatch(Object(Illuminate\\Http\\Request))
#34 C:\\Users\\user\\perpustakaan-9\\vendor\\laravel\\framework\\src\\Illuminate\\Pipeline\\Pipeline.php(141): Illuminate\\Foundation\\Http\\Kernel->Illuminate\\Foundation\\Http\\{closure}(Object(Illuminate\\Http\\Request))
#35 C:\\Users\\user\\perpustakaan-9\\vendor\\laravel\\framework\\src\\Illuminate\\Foundation\\Http\\Middleware\\TransformsRequest.php(21): Illuminate\\Pipeline\\Pipeline->Illuminate\\Pipeline\\{closure}(Object(Illuminate\\Http\\Request))
#36 C:\\Users\\user\\perpustakaan-9\\vendor\\laravel\\framework\\src\\Illuminate\\Foundation\\Http\\Middleware\\ConvertEmptyStringsToNull.php(31): Illuminate\\Foundation\\Http\\Middleware\\TransformsRequest->handle(Object(Illuminate\\Http\\Request), Object(Closure))
#37 C:\\Users\\user\\perpustakaan-9\\vendor\\laravel\\framework\\src\\Illuminate\\Pipeline\\Pipeline.php(180): Illuminate\\Foundation\\Http\\Middleware\\ConvertEmptyStringsToNull->handle(Object(Illuminate\\Http\\Request), Object(Closure))
#38 C:\\Users\\user\\perpustakaan-9\\vendor\\laravel\\framework\\src\\Illuminate\\Foundation\\Http\\Middleware\\TransformsRequest.php(21): Illuminate\\Pipeline\\Pipeline->Illuminate\\Pipeline\\{closure}(Object(Illuminate\\Http\\Request))
#39 C:\\Users\\user\\perpustakaan-9\\vendor\\laravel\\framework\\src\\Illuminate\\Foundation\\Http\\Middleware\\TrimStrings.php(40): Illuminate\\Foundation\\Http\\Middleware\\TransformsRequest->handle(Object(Illuminate\\Http\\Request), Object(Closure))
#40 C:\\Users\\user\\perpustakaan-9\\vendor\\laravel\\framework\\src\\Illuminate\\Pipeline\\Pipeline.php(180): Illuminate\\Foundation\\Http\\Middleware\\TrimStrings->handle(Object(Illuminate\\Http\\Request), Object(Closure))
#41 C:\\Users\\user\\perpustakaan-9\\vendor\\laravel\\framework\\src\\Illuminate\\Foundation\\Http\\Middleware\\ValidatePostSize.php(27): Illuminate\\Pipeline\\Pipeline->Illuminate\\Pipeline\\{closure}(Object(Illuminate\\Http\\Request))
#42 C:\\Users\\user\\perpustakaan-9\\vendor\\laravel\\framework\\src\\Illuminate\\Pipeline\\Pipeline.php(180): Illuminate\\Foundation\\Http\\Middleware\\ValidatePostSize->handle(Object(Illuminate\\Http\\Request), Object(Closure))
#43 C:\\Users\\user\\perpustakaan-9\\vendor\\laravel\\framework\\src\\Illuminate\\Foundation\\Http\\Middleware\\PreventRequestsDuringMaintenance.php(86): Illuminate\\Pipeline\\Pipeline->Illuminate\\Pipeline\\{closure}(Object(Illuminate\\Http\\Request))
#44 C:\\Users\\user\\perpustakaan-9\\vendor\\laravel\\framework\\src\\Illuminate\\Pipeline\\Pipeline.php(180): Illuminate\\Foundation\\Http\\Middleware\\PreventRequestsDuringMaintenance->handle(Object(Illuminate\\Http\\Request), Object(Closure))
#45 C:\\Users\\user\\perpustakaan-9\\vendor\\fruitcake\\laravel-cors\\src\\HandleCors.php(38): Illuminate\\Pipeline\\Pipeline->Illuminate\\Pipeline\\{closure}(Object(Illuminate\\Http\\Request))
#46 C:\\Users\\user\\perpustakaan-9\\vendor\\laravel\\framework\\src\\Illuminate\\Pipeline\\Pipeline.php(180): Fruitcake\\Cors\\HandleCors->handle(Object(Illuminate\\Http\\Request), Object(Closure))
#47 C:\\Users\\user\\perpustakaan-9\\vendor\\laravel\\framework\\src\\Illuminate\\Http\\Middleware\\TrustProxies.php(39): Illuminate\\Pipeline\\Pipeline->Illuminate\\Pipeline\\{closure}(Object(Illuminate\\Http\\Request))
#48 C:\\Users\\user\\perpustakaan-9\\vendor\\laravel\\framework\\src\\Illuminate\\Pipeline\\Pipeline.php(180): Illuminate\\Http\\Middleware\\TrustProxies->handle(Object(Illuminate\\Http\\Request), Object(Closure))
#49 C:\\Users\\user\\perpustakaan-9\\vendor\\laravel\\framework\\src\\Illuminate\\Pipeline\\Pipeline.php(116): Illuminate\\Pipeline\\Pipeline->Illuminate\\Pipeline\\{closure}(Object(Illuminate\\Http\\Request))
#50 C:\\Users\\user\\perpustakaan-9\\vendor\\laravel\\framework\\src\\Illuminate\\Foundation\\Http\\Kernel.php(165): Illuminate\\Pipeline\\Pipeline->then(Object(Closure))
#51 C:\\Users\\user\\perpustakaan-9\\vendor\\laravel\\framework\\src\\Illuminate\\Foundation\\Http\\Kernel.php(134): Illuminate\\Foundation\\Http\\Kernel->sendRequestThroughRouter(Object(Illuminate\\Http\\Request))
#52 C:\\Users\\user\\perpustakaan-9\\public\\index.php(52): Illuminate\\Foundation\\Http\\Kernel->handle(Object(Illuminate\\Http\\Request))
#53 C:\\Users\\user\\perpustakaan-9\\vendor\\laravel\\framework\\src\\Illuminate\\Foundation\\resources\\server.php(16): require_once('C:\\\\Users\\\\user\\\\p...')
#54 {main}

[previous exception] [object] (Symfony\\Component\\Routing\\Exception\\RouteNotFoundException(code: 0): Route [buku.index] not defined. at C:\\Users\\user\\perpustakaan-9\\vendor\\laravel\\framework\\src\\Illuminate\\Routing\\UrlGenerator.php:467)
[stacktrace]
#0 C:\\Users\\user\\perpustakaan-9\\vendor\\laravel\\framework\\src\\Illuminate\\Foundation\\helpers.php(826): Illuminate\\Routing\\UrlGenerator->route('buku.index', Array, true)
#1 C:\\Users\\user\\perpustakaan-9\\storage\\framework\\views\\e44d3acdefc60594e45699385658ff98478f75bd.php(22): route('buku.index')
#2 C:\\Users\\user\\perpustakaan-9\\vendor\\laravel\\framework\\src\\Illuminate\\Filesystem\\Filesystem.php(109): require('C:\\\\Users\\\\user\\\\p...')
#3 C:\\Users\\user\\perpustakaan-9\\vendor\\laravel\\framework\\src\\Illuminate\\Filesystem\\Filesystem.php(110): Illuminate\\Filesystem\\Filesystem::Illuminate\\Filesystem\\{closure}()
#4 C:\\Users\\user\\perpustakaan-9\\vendor\\laravel\\framework\\src\\Illuminate\\View\\Engines\\PhpEngine.php(58): Illuminate\\Filesystem\\Filesystem->getRequire('C:\\\\Users\\\\user\\\\p...', Array)
#5 C:\\Users\\user\\perpustakaan-9\\vendor\\laravel\\framework\\src\\Illuminate\\View\\Engines\\CompilerEngine.php(70): Illuminate\\View\\Engines\\PhpEngine->evaluatePath('C:\\\\Users\\\\user\\\\p...', Array)
#6 C:\\Users\\user\\perpustakaan-9\\vendor\\laravel\\framework\\src\\Illuminate\\View\\View.php(195): Illuminate\\View\\Engines\\CompilerEngine->get('C:\\\\Users\\\\user\\\\p...', Array)
#7 C:\\Users\\user\\perpustakaan-9\\vendor\\laravel\\framework\\src\\Illuminate\\View\\View.php(178): Illuminate\\View\\View->getContents()
#8 C:\\Users\\user\\perpustakaan-9\\vendor\\laravel\\framework\\src\\Illuminate\\View\\View.php(147): Illuminate\\View\\View->renderContents()
#9 C:\\Users\\user\\perpustakaan-9\\vendor\\laravel\\framework\\src\\Illuminate\\Http\\Response.php(69): Illuminate\\View\\View->render()
#10 C:\\Users\\user\\perpustakaan-9\\vendor\\laravel\\framework\\src\\Illuminate\\Http\\Response.php(35): Illuminate\\Http\\Response->setContent(Object(Illuminate\\View\\View))
#11 C:\\Users\\user\\perpustakaan-9\\vendor\\laravel\\framework\\src\\Illuminate\\Routing\\Router.php(906): Illuminate\\Http\\Response->__construct(Object(Illuminate\\View\\View), 200, Array)
#12 C:\\Users\\user\\perpustakaan-9\\vendor\\laravel\\framework\\src\\Illuminate\\Routing\\Router.php(875): Illuminate\\Routing\\Router::toResponse(Object(Illuminate\\Http\\Request), Object(Illuminate\\View\\View))
#13 C:\\Users\\user\\perpustakaan-9\\vendor\\laravel\\framework\\src\\Illuminate\\Routing\\Router.php(798): Illuminate\\Routing\\Router->prepareResponse(Object(Illuminate\\Http\\Request), Object(Illuminate\\View\\View))
#14 C:\\Users\\user\\perpustakaan-9\\vendor\\laravel\\framework\\src\\Illuminate\\Pipeline\\Pipeline.php(141): Illuminate\\Routing\\Router->Illuminate\\Routing\\{closure}(Object(Illuminate\\Http\\Request))
#15 C:\\Users\\user\\perpustakaan-9\\vendor\\laravel\\framework\\src\\Illuminate\\Routing\\Middleware\\SubstituteBindings.php(50): Illuminate\\Pipeline\\Pipeline->Illuminate\\Pipeline\\{closure}(Object(Illuminate\\Http\\Request))
#16 C:\\Users\\user\\perpustakaan-9\\vendor\\laravel\\framework\\src\\Illuminate\\Pipeline\\Pipeline.php(180): Illuminate\\Routing\\Middleware\\SubstituteBindings->handle(Object(Illuminate\\Http\\Request), Object(Closure))
#17 C:\\Users\\user\\perpustakaan-9\\vendor\\laravel\\framework\\src\\Illuminate\\Foundation\\Http\\Middleware\\VerifyCsrfToken.php(78): Illuminate\\Pipeline\\Pipeline->Illuminate\\Pipeline\\{closure}(Object(Illuminate\\Http\\Request))
#18 C:\\Users\\user\\perpustakaan-9\\vendor\\laravel\\framework\\src\\Illuminate\\Pipeline\\Pipeline.php(180): Illuminate\\Foundation\\Http\\Middleware\\VerifyCsrfToken->handle(Object(Illuminate\\Http\\Request), Object(Closure))
#19 C:\\Users\\user\\perpustakaan-9\\vendor\\laravel\\framework\\src\\Illuminate\\View\\Middleware\\ShareErrorsFromSession.php(49): Illuminate\\Pipeline\\Pipeline->Illuminate\\Pipeline\\{closure}(Object(Illuminate\\Http\\Request))
#20 C:\\Users\\user\\perpustakaan-9\\vendor\\laravel\\framework\\src\\Illuminate\\Pipeline\\Pipeline.php(180): Illuminate\\View\\Middleware\\ShareErrorsFromSession->handle(Object(Illuminate\\Http\\Request), Object(Closure))
#21 C:\\Users\\user\\perpustakaan-9\\vendor\\laravel\\framework\\src\\Illuminate\\Session\\Middleware\\StartSession.php(121): Illuminate\\Pipeline\\Pipeline->Illuminate\\Pipeline\\{closure}(Object(Illuminate\\Http\\Request))
#22 C:\\Users\\user\\perpustakaan-9\\vendor\\laravel\\framework\\src\\Illuminate\\Session\\Middleware\\StartSession.php(64): Illuminate\\Session\\Middleware\\StartSession->handleStatefulRequest(Object(Illuminate\\Http\\Request), Object(Illuminate\\Session\\Store), Object(Closure))
#23 C:\\Users\\user\\perpustakaan-9\\vendor\\laravel\\framework\\src\\Illuminate\\Pipeline\\Pipeline.php(180): Illuminate\\Session\\Middleware\\StartSession->handle(Object(Illuminate\\Http\\Request), Object(Closure))
#24 C:\\Users\\user\\perpustakaan-9\\vendor\\laravel\\framework\\src\\Illuminate\\Cookie\\Middleware\\AddQueuedCookiesToResponse.php(37): Illuminate\\Pipeline\\Pipeline->Illuminate\\Pipeline\\{closure}(Object(Illuminate\\Http\\Request))
#25 C:\\Users\\user\\perpustakaan-9\\vendor\\laravel\\framework\\src\\Illuminate\\Pipeline\\Pipeline.php(180): Illuminate\\Cookie\\Middleware\\AddQueuedCookiesToResponse->handle(Object(Illuminate\\Http\\Request), Object(Closure))
#26 C:\\Users\\user\\perpustakaan-9\\vendor\\laravel\\framework\\src\\Illuminate\\Cookie\\Middleware\\EncryptCookies.php(67): Illuminate\\Pipeline\\Pipeline->Illuminate\\Pipeline\\{closure}(Object(Illuminate\\Http\\Request))
#27 C:\\Users\\user\\perpustakaan-9\\vendor\\laravel\\framework\\src\\Illuminate\\Pipeline\\Pipeline.php(180): Illuminate\\Cookie\\Middleware\\EncryptCookies->handle(Object(Illuminate\\Http\\Request), Object(Closure))
#28 C:\\Users\\user\\perpustakaan-9\\vendor\\laravel\\framework\\src\\Illuminate\\Pipeline\\Pipeline.php(116): Illuminate\\Pipeline\\Pipeline->Illuminate\\Pipeline\\{closure}(Object(Illuminate\\Http\\Request))
#29 C:\\Users\\user\\perpustakaan-9\\vendor\\laravel\\framework\\src\\Illuminate\\Routing\\Router.php(799): Illuminate\\Pipeline\\Pipeline->then(Object(Closure))
#30 C:\\Users\\user\\perpustakaan-9\\vendor\\laravel\\framework\\src\\Illuminate\\Routing\\Router.php(776): Illuminate\\Routing\\Router->runRouteWithinStack(Object(Illuminate\\Routing\\Route), Object(Illuminate\\Http\\Request))
#31 C:\\Users\\user\\perpustakaan-9\\vendor\\laravel\\framework\\src\\Illuminate\\Routing\\Router.php(740): Illuminate\\Routing\\Router->runRoute(Object(Illuminate\\Http\\Request), Object(Illuminate\\Routing\\Route))
#32 C:\\Users\\user\\perpustakaan-9\\vendor\\laravel\\framework\\src\\Illuminate\\Routing\\Router.php(729): Illuminate\\Routing\\Router->dispatchToRoute(Object(Illuminate\\Http\\Request))
#33 C:\\Users\\user\\perpustakaan-9\\vendor\\laravel\\framework\\src\\Illuminate\\Foundation\\Http\\Kernel.php(190): Illuminate\\Routing\\Router->dispatch(Object(Illuminate\\Http\\Request))
#34 C:\\Users\\user\\perpustakaan-9\\vendor\\laravel\\framework\\src\\Illuminate\\Pipeline\\Pipeline.php(141): Illuminate\\Foundation\\Http\\Kernel->Illuminate\\Foundation\\Http\\{closure}(Object(Illuminate\\Http\\Request))
#35 C:\\Users\\user\\perpustakaan-9\\vendor\\laravel\\framework\\src\\Illuminate\\Foundation\\Http\\Middleware\\TransformsRequest.php(21): Illuminate\\Pipeline\\Pipeline->Illuminate\\Pipeline\\{closure}(Object(Illuminate\\Http\\Request))
#36 C:\\Users\\user\\perpustakaan-9\\vendor\\laravel\\framework\\src\\Illuminate\\Foundation\\Http\\Middleware\\ConvertEmptyStringsToNull.php(31): Illuminate\\Foundation\\Http\\Middleware\\TransformsRequest->handle(Object(Illuminate\\Http\\Request), Object(Closure))
#37 C:\\Users\\user\\perpustakaan-9\\vendor\\laravel\\framework\\src\\Illuminate\\Pipeline\\Pipeline.php(180): Illuminate\\Foundation\\Http\\Middleware\\ConvertEmptyStringsToNull->handle(Object(Illuminate\\Http\\Request), Object(Closure))
#38 C:\\Users\\user\\perpustakaan-9\\vendor\\laravel\\framework\\src\\Illuminate\\Foundation\\Http\\Middleware\\TransformsRequest.php(21): Illuminate\\Pipeline\\Pipeline->Illuminate\\Pipeline\\{closure}(Object(Illuminate\\Http\\Request))
#39 C:\\Users\\user\\perpustakaan-9\\vendor\\laravel\\framework\\src\\Illuminate\\Foundation\\Http\\Middleware\\TrimStrings.php(40): Illuminate\\Foundation\\Http\\Middleware\\TransformsRequest->handle(Object(Illuminate\\Http\\Request), Object(Closure))
#40 C:\\Users\\user\\perpustakaan-9\\vendor\\laravel\\framework\\src\\Illuminate\\Pipeline\\Pipeline.php(180): Illuminate\\Foundation\\Http\\Middleware\\TrimStrings->handle(Object(Illuminate\\Http\\Request), Object(Closure))
#41 C:\\Users\\user\\perpustakaan-9\\vendor\\laravel\\framework\\src\\Illuminate\\Foundation\\Http\\Middleware\\ValidatePostSize.php(27): Illuminate\\Pipeline\\Pipeline->Illuminate\\Pipeline\\{closure}(Object(Illuminate\\Http\\Request))
#42 C:\\Users\\user\\perpustakaan-9\\vendor\\laravel\\framework\\src\\Illuminate\\Pipeline\\Pipeline.php(180): Illuminate\\Foundation\\Http\\Middleware\\ValidatePostSize->handle(Object(Illuminate\\Http\\Request), Object(Closure))
#43 C:\\Users\\user\\perpustakaan-9\\vendor\\laravel\\framework\\src\\Illuminate\\Foundation\\Http\\Middleware\\PreventRequestsDuringMaintenance.php(86): Illuminate\\Pipeline\\Pipeline->Illuminate\\Pipeline\\{closure}(Object(Illuminate\\Http\\Request))
#44 C:\\Users\\user\\perpustakaan-9\\vendor\\laravel\\framework\\src\\Illuminate\\Pipeline\\Pipeline.php(180): Illuminate\\Foundation\\Http\\Middleware\\PreventRequestsDuringMaintenance->handle(Object(Illuminate\\Http\\Request), Object(Closure))
#45 C:\\Users\\user\\perpustakaan-9\\vendor\\fruitcake\\laravel-cors\\src\\HandleCors.php(38): Illuminate\\Pipeline\\Pipeline->Illuminate\\Pipeline\\{closure}(Object(Illuminate\\Http\\Request))
#46 C:\\Users\\user\\perpustakaan-9\\vendor\\laravel\\framework\\src\\Illuminate\\Pipeline\\Pipeline.php(180): Fruitcake\\Cors\\HandleCors->handle(Object(Illuminate\\Http\\Request), Object(Closure))
#47 C:\\Users\\user\\perpustakaan-9\\vendor\\laravel\\framework\\src\\Illuminate\\Http\\Middleware\\TrustProxies.php(39): Illuminate\\Pipeline\\Pipeline->Illuminate\\Pipeline\\{closure}(Object(Illuminate\\Http\\Request))
#48 C:\\Users\\user\\perpustakaan-9\\vendor\\laravel\\framework\\src\\Illuminate\\Pipeline\\Pipeline.php(180): Illuminate\\Http\\Middleware\\TrustProxies->handle(Object(Illuminate\\Http\\Request), Object(Closure))
#49 C:\\Users\\user\\perpustakaan-9\\vendor\\laravel\\framework\\src\\Illuminate\\Pipeline\\Pipeline.php(116): Illuminate\\Pipeline\\Pipeline->Illuminate\\Pipeline\\{closure}(Object(Illuminate\\Http\\Request))
#50 C:\\Users\\user\\perpustakaan-9\\vendor\\laravel\\framework\\src\\Illuminate\\Foundation\\Http\\Kernel.php(165): Illuminate\\Pipeline\\Pipeline->then(Object(Closure))
#51 C:\\Users\\user\\perpustakaan-9\\vendor\\laravel\\framework\\src\\Illuminate\\Foundation\\Http\\Kernel.php(134): Illuminate\\Foundation\\Http\\Kernel->sendRequestThroughRouter(Object(Illuminate\\Http\\Request))
#52 C:\\Users\\user\\perpustakaan-9\\public\\index.php(52): Illuminate\\Foundation\\Http\\Kernel->handle(Object(Illuminate\\Http\\Request))
#53 C:\\Users\\user\\perpustakaan-9\\vendor\\laravel\\framework\\src\\Illuminate\\Foundation\\resources\\server.php(16): require_once('C:\\\\Users\\\\user\\\\p...')
#54 {main}
"} 
[2026-06-02 13:51:44] local.ERROR: Route [anggota.index] not defined. {"exception":"[object] (Spatie\\LaravelIgnition\\Exceptions\\ViewException(code: 0): Route [anggota.index] not defined. at C:\\Users\\user\\perpustakaan-9\\vendor\\laravel\\framework\\src\\Illuminate\\Routing\\UrlGenerator.php:467)
[stacktrace]
#0 C:\\Users\\user\\perpustakaan-9\\vendor\\laravel\\framework\\src\\Illuminate\\Foundation\\helpers.php(826): Illuminate\\Routing\\UrlGenerator->route('anggota.index', Array, true)
#1 C:\\Users\\user\\perpustakaan-9\\resources\\views\\home.blade.php(35): route('anggota.index')
#2 C:\\Users\\user\\perpustakaan-9\\vendor\\laravel\\framework\\src\\Illuminate\\Filesystem\\Filesystem.php(109): require('C:\\\\Users\\\\user\\\\p...')
#3 C:\\Users\\user\\perpustakaan-9\\vendor\\laravel\\framework\\src\\Illuminate\\Filesystem\\Filesystem.php(110): Illuminate\\Filesystem\\Filesystem::Illuminate\\Filesystem\\{closure}()
#4 C:\\Users\\user\\perpustakaan-9\\vendor\\laravel\\framework\\src\\Illuminate\\View\\Engines\\PhpEngine.php(58): Illuminate\\Filesystem\\Filesystem->getRequire('C:\\\\Users\\\\user\\\\p...', Array)
#5 C:\\Users\\user\\perpustakaan-9\\vendor\\laravel\\framework\\src\\Illuminate\\View\\Engines\\CompilerEngine.php(70): Illuminate\\View\\Engines\\PhpEngine->evaluatePath('C:\\\\Users\\\\user\\\\p...', Array)
#6 C:\\Users\\user\\perpustakaan-9\\vendor\\laravel\\framework\\src\\Illuminate\\View\\View.php(195): Illuminate\\View\\Engines\\CompilerEngine->get('C:\\\\Users\\\\user\\\\p...', Array)
#7 C:\\Users\\user\\perpustakaan-9\\vendor\\laravel\\framework\\src\\Illuminate\\View\\View.php(178): Illuminate\\View\\View->getContents()
#8 C:\\Users\\user\\perpustakaan-9\\vendor\\laravel\\framework\\src\\Illuminate\\View\\View.php(147): Illuminate\\View\\View->renderContents()
#9 C:\\Users\\user\\perpustakaan-9\\vendor\\laravel\\framework\\src\\Illuminate\\Http\\Response.php(69): Illuminate\\View\\View->render()
#10 C:\\Users\\user\\perpustakaan-9\\vendor\\laravel\\framework\\src\\Illuminate\\Http\\Response.php(35): Illuminate\\Http\\Response->setContent(Object(Illuminate\\View\\View))
#11 C:\\Users\\user\\perpustakaan-9\\vendor\\laravel\\framework\\src\\Illuminate\\Routing\\Router.php(906): Illuminate\\Http\\Response->__construct(Object(Illuminate\\View\\View), 200, Array)
#12 C:\\Users\\user\\perpustakaan-9\\vendor\\laravel\\framework\\src\\Illuminate\\Routing\\Router.php(875): Illuminate\\Routing\\Router::toResponse(Object(Illuminate\\Http\\Request), Object(Illuminate\\View\\View))
#13 C:\\Users\\user\\perpustakaan-9\\vendor\\laravel\\framework\\src\\Illuminate\\Routing\\Router.php(798): Illuminate\\Routing\\Router->prepareResponse(Object(Illuminate\\Http\\Request), Object(Illuminate\\View\\View))
#14 C:\\Users\\user\\perpustakaan-9\\vendor\\laravel\\framework\\src\\Illuminate\\Pipeline\\Pipeline.php(141): Illuminate\\Routing\\Router->Illuminate\\Routing\\{closure}(Object(Illuminate\\Http\\Request))
#15 C:\\Users\\user\\perpustakaan-9\\vendor\\laravel\\framework\\src\\Illuminate\\Routing\\Middleware\\SubstituteBindings.php(50): Illuminate\\Pipeline\\Pipeline->Illuminate\\Pipeline\\{closure}(Object(Illuminate\\Http\\Request))
#16 C:\\Users\\user\\perpustakaan-9\\vendor\\laravel\\framework\\src\\Illuminate\\Pipeline\\Pipeline.php(180): Illuminate\\Routing\\Middleware\\SubstituteBindings->handle(Object(Illuminate\\Http\\Request), Object(Closure))
#17 C:\\Users\\user\\perpustakaan-9\\vendor\\laravel\\framework\\src\\Illuminate\\Foundation\\Http\\Middleware\\VerifyCsrfToken.php(78): Illuminate\\Pipeline\\Pipeline->Illuminate\\Pipeline\\{closure}(Object(Illuminate\\Http\\Request))
#18 C:\\Users\\user\\perpustakaan-9\\vendor\\laravel\\framework\\src\\Illuminate\\Pipeline\\Pipeline.php(180): Illuminate\\Foundation\\Http\\Middleware\\VerifyCsrfToken->handle(Object(Illuminate\\Http\\Request), Object(Closure))
#19 C:\\Users\\user\\perpustakaan-9\\vendor\\laravel\\framework\\src\\Illuminate\\View\\Middleware\\ShareErrorsFromSession.php(49): Illuminate\\Pipeline\\Pipeline->Illuminate\\Pipeline\\{closure}(Object(Illuminate\\Http\\Request))
#20 C:\\Users\\user\\perpustakaan-9\\vendor\\laravel\\framework\\src\\Illuminate\\Pipeline\\Pipeline.php(180): Illuminate\\View\\Middleware\\ShareErrorsFromSession->handle(Object(Illuminate\\Http\\Request), Object(Closure))
#21 C:\\Users\\user\\perpustakaan-9\\vendor\\laravel\\framework\\src\\Illuminate\\Session\\Middleware\\StartSession.php(121): Illuminate\\Pipeline\\Pipeline->Illuminate\\Pipeline\\{closure}(Object(Illuminate\\Http\\Request))
#22 C:\\Users\\user\\perpustakaan-9\\vendor\\laravel\\framework\\src\\Illuminate\\Session\\Middleware\\StartSession.php(64): Illuminate\\Session\\Middleware\\StartSession->handleStatefulRequest(Object(Illuminate\\Http\\Request), Object(Illuminate\\Session\\Store), Object(Closure))
#23 C:\\Users\\user\\perpustakaan-9\\vendor\\laravel\\framework\\src\\Illuminate\\Pipeline\\Pipeline.php(180): Illuminate\\Session\\Middleware\\StartSession->handle(Object(Illuminate\\Http\\Request), Object(Closure))
#24 C:\\Users\\user\\perpustakaan-9\\vendor\\laravel\\framework\\src\\Illuminate\\Cookie\\Middleware\\AddQueuedCookiesToResponse.php(37): Illuminate\\Pipeline\\Pipeline->Illuminate\\Pipeline\\{closure}(Object(Illuminate\\Http\\Request))
#25 C:\\Users\\user\\perpustakaan-9\\vendor\\laravel\\framework\\src\\Illuminate\\Pipeline\\Pipeline.php(180): Illuminate\\Cookie\\Middleware\\AddQueuedCookiesToResponse->handle(Object(Illuminate\\Http\\Request), Object(Closure))
#26 C:\\Users\\user\\perpustakaan-9\\vendor\\laravel\\framework\\src\\Illuminate\\Cookie\\Middleware\\EncryptCookies.php(67): Illuminate\\Pipeline\\Pipeline->Illuminate\\Pipeline\\{closure}(Object(Illuminate\\Http\\Request))
#27 C:\\Users\\user\\perpustakaan-9\\vendor\\laravel\\framework\\src\\Illuminate\\Pipeline\\Pipeline.php(180): Illuminate\\Cookie\\Middleware\\EncryptCookies->handle(Object(Illuminate\\Http\\Request), Object(Closure))
#28 C:\\Users\\user\\perpustakaan-9\\vendor\\laravel\\framework\\src\\Illuminate\\Pipeline\\Pipeline.php(116): Illuminate\\Pipeline\\Pipeline->Illuminate\\Pipeline\\{closure}(Object(Illuminate\\Http\\Request))
#29 C:\\Users\\user\\perpustakaan-9\\vendor\\laravel\\framework\\src\\Illuminate\\Routing\\Router.php(799): Illuminate\\Pipeline\\Pipeline->then(Object(Closure))
#30 C:\\Users\\user\\perpustakaan-9\\vendor\\laravel\\framework\\src\\Illuminate\\Routing\\Router.php(776): Illuminate\\Routing\\Router->runRouteWithinStack(Object(Illuminate\\Routing\\Route), Object(Illuminate\\Http\\Request))
#31 C:\\Users\\user\\perpustakaan-9\\vendor\\laravel\\framework\\src\\Illuminate\\Routing\\Router.php(740): Illuminate\\Routing\\Router->runRoute(Object(Illuminate\\Http\\Request), Object(Illuminate\\Routing\\Route))
#32 C:\\Users\\user\\perpustakaan-9\\vendor\\laravel\\framework\\src\\Illuminate\\Routing\\Router.php(729): Illuminate\\Routing\\Router->dispatchToRoute(Object(Illuminate\\Http\\Request))
#33 C:\\Users\\user\\perpustakaan-9\\vendor\\laravel\\framework\\src\\Illuminate\\Foundation\\Http\\Kernel.php(190): Illuminate\\Routing\\Router->dispatch(Object(Illuminate\\Http\\Request))
#34 C:\\Users\\user\\perpustakaan-9\\vendor\\laravel\\framework\\src\\Illuminate\\Pipeline\\Pipeline.php(141): Illuminate\\Foundation\\Http\\Kernel->Illuminate\\Foundation\\Http\\{closure}(Object(Illuminate\\Http\\Request))
#35 C:\\Users\\user\\perpustakaan-9\\vendor\\laravel\\framework\\src\\Illuminate\\Foundation\\Http\\Middleware\\TransformsRequest.php(21): Illuminate\\Pipeline\\Pipeline->Illuminate\\Pipeline\\{closure}(Object(Illuminate\\Http\\Request))
#36 C:\\Users\\user\\perpustakaan-9\\vendor\\laravel\\framework\\src\\Illuminate\\Foundation\\Http\\Middleware\\ConvertEmptyStringsToNull.php(31): Illuminate\\Foundation\\Http\\Middleware\\TransformsRequest->handle(Object(Illuminate\\Http\\Request), Object(Closure))
#37 C:\\Users\\user\\perpustakaan-9\\vendor\\laravel\\framework\\src\\Illuminate\\Pipeline\\Pipeline.php(180): Illuminate\\Foundation\\Http\\Middleware\\ConvertEmptyStringsToNull->handle(Object(Illuminate\\Http\\Request), Object(Closure))
#38 C:\\Users\\user\\perpustakaan-9\\vendor\\laravel\\framework\\src\\Illuminate\\Foundation\\Http\\Middleware\\TransformsRequest.php(21): Illuminate\\Pipeline\\Pipeline->Illuminate\\Pipeline\\{closure}(Object(Illuminate\\Http\\Request))
#39 C:\\Users\\user\\perpustakaan-9\\vendor\\laravel\\framework\\src\\Illuminate\\Foundation\\Http\\Middleware\\TrimStrings.php(40): Illuminate\\Foundation\\Http\\Middleware\\TransformsRequest->handle(Object(Illuminate\\Http\\Request), Object(Closure))
#40 C:\\Users\\user\\perpustakaan-9\\vendor\\laravel\\framework\\src\\Illuminate\\Pipeline\\Pipeline.php(180): Illuminate\\Foundation\\Http\\Middleware\\TrimStrings->handle(Object(Illuminate\\Http\\Request), Object(Closure))
#41 C:\\Users\\user\\perpustakaan-9\\vendor\\laravel\\framework\\src\\Illuminate\\Foundation\\Http\\Middleware\\ValidatePostSize.php(27): Illuminate\\Pipeline\\Pipeline->Illuminate\\Pipeline\\{closure}(Object(Illuminate\\Http\\Request))
#42 C:\\Users\\user\\perpustakaan-9\\vendor\\laravel\\framework\\src\\Illuminate\\Pipeline\\Pipeline.php(180): Illuminate\\Foundation\\Http\\Middleware\\ValidatePostSize->handle(Object(Illuminate\\Http\\Request), Object(Closure))
#43 C:\\Users\\user\\perpustakaan-9\\vendor\\laravel\\framework\\src\\Illuminate\\Foundation\\Http\\Middleware\\PreventRequestsDuringMaintenance.php(86): Illuminate\\Pipeline\\Pipeline->Illuminate\\Pipeline\\{closure}(Object(Illuminate\\Http\\Request))
#44 C:\\Users\\user\\perpustakaan-9\\vendor\\laravel\\framework\\src\\Illuminate\\Pipeline\\Pipeline.php(180): Illuminate\\Foundation\\Http\\Middleware\\PreventRequestsDuringMaintenance->handle(Object(Illuminate\\Http\\Request), Object(Closure))
#45 C:\\Users\\user\\perpustakaan-9\\vendor\\fruitcake\\laravel-cors\\src\\HandleCors.php(38): Illuminate\\Pipeline\\Pipeline->Illuminate\\Pipeline\\{closure}(Object(Illuminate\\Http\\Request))
#46 C:\\Users\\user\\perpustakaan-9\\vendor\\laravel\\framework\\src\\Illuminate\\Pipeline\\Pipeline.php(180): Fruitcake\\Cors\\HandleCors->handle(Object(Illuminate\\Http\\Request), Object(Closure))
#47 C:\\Users\\user\\perpustakaan-9\\vendor\\laravel\\framework\\src\\Illuminate\\Http\\Middleware\\TrustProxies.php(39): Illuminate\\Pipeline\\Pipeline->Illuminate\\Pipeline\\{closure}(Object(Illuminate\\Http\\Request))
#48 C:\\Users\\user\\perpustakaan-9\\vendor\\laravel\\framework\\src\\Illuminate\\Pipeline\\Pipeline.php(180): Illuminate\\Http\\Middleware\\TrustProxies->handle(Object(Illuminate\\Http\\Request), Object(Closure))
#49 C:\\Users\\user\\perpustakaan-9\\vendor\\laravel\\framework\\src\\Illuminate\\Pipeline\\Pipeline.php(116): Illuminate\\Pipeline\\Pipeline->Illuminate\\Pipeline\\{closure}(Object(Illuminate\\Http\\Request))
#50 C:\\Users\\user\\perpustakaan-9\\vendor\\laravel\\framework\\src\\Illuminate\\Foundation\\Http\\Kernel.php(165): Illuminate\\Pipeline\\Pipeline->then(Object(Closure))
#51 C:\\Users\\user\\perpustakaan-9\\vendor\\laravel\\framework\\src\\Illuminate\\Foundation\\Http\\Kernel.php(134): Illuminate\\Foundation\\Http\\Kernel->sendRequestThroughRouter(Object(Illuminate\\Http\\Request))
#52 C:\\Users\\user\\perpustakaan-9\\public\\index.php(52): Illuminate\\Foundation\\Http\\Kernel->handle(Object(Illuminate\\Http\\Request))
#53 C:\\Users\\user\\perpustakaan-9\\vendor\\laravel\\framework\\src\\Illuminate\\Foundation\\resources\\server.php(16): require_once('C:\\\\Users\\\\user\\\\p...')
#54 {main}

[previous exception] [object] (Symfony\\Component\\Routing\\Exception\\RouteNotFoundException(code: 0): Route [anggota.index] not defined. at C:\\Users\\user\\perpustakaan-9\\vendor\\laravel\\framework\\src\\Illuminate\\Routing\\UrlGenerator.php:467)
[stacktrace]
#0 C:\\Users\\user\\perpustakaan-9\\vendor\\laravel\\framework\\src\\Illuminate\\Foundation\\helpers.php(826): Illuminate\\Routing\\UrlGenerator->route('anggota.index', Array, true)
#1 C:\\Users\\user\\perpustakaan-9\\storage\\framework\\views\\e44d3acdefc60594e45699385658ff98478f75bd.php(35): route('anggota.index')
#2 C:\\Users\\user\\perpustakaan-9\\vendor\\laravel\\framework\\src\\Illuminate\\Filesystem\\Filesystem.php(109): require('C:\\\\Users\\\\user\\\\p...')
#3 C:\\Users\\user\\perpustakaan-9\\vendor\\laravel\\framework\\src\\Illuminate\\Filesystem\\Filesystem.php(110): Illuminate\\Filesystem\\Filesystem::Illuminate\\Filesystem\\{closure}()
#4 C:\\Users\\user\\perpustakaan-9\\vendor\\laravel\\framework\\src\\Illuminate\\View\\Engines\\PhpEngine.php(58): Illuminate\\Filesystem\\Filesystem->getRequire('C:\\\\Users\\\\user\\\\p...', Array)
#5 C:\\Users\\user\\perpustakaan-9\\vendor\\laravel\\framework\\src\\Illuminate\\View\\Engines\\CompilerEngine.php(70): Illuminate\\View\\Engines\\PhpEngine->evaluatePath('C:\\\\Users\\\\user\\\\p...', Array)
#6 C:\\Users\\user\\perpustakaan-9\\vendor\\laravel\\framework\\src\\Illuminate\\View\\View.php(195): Illuminate\\View\\Engines\\CompilerEngine->get('C:\\\\Users\\\\user\\\\p...', Array)
#7 C:\\Users\\user\\perpustakaan-9\\vendor\\laravel\\framework\\src\\Illuminate\\View\\View.php(178): Illuminate\\View\\View->getContents()
#8 C:\\Users\\user\\perpustakaan-9\\vendor\\laravel\\framework\\src\\Illuminate\\View\\View.php(147): Illuminate\\View\\View->renderContents()
#9 C:\\Users\\user\\perpustakaan-9\\vendor\\laravel\\framework\\src\\Illuminate\\Http\\Response.php(69): Illuminate\\View\\View->render()
#10 C:\\Users\\user\\perpustakaan-9\\vendor\\laravel\\framework\\src\\Illuminate\\Http\\Response.php(35): Illuminate\\Http\\Response->setContent(Object(Illuminate\\View\\View))
#11 C:\\Users\\user\\perpustakaan-9\\vendor\\laravel\\framework\\src\\Illuminate\\Routing\\Router.php(906): Illuminate\\Http\\Response->__construct(Object(Illuminate\\View\\View), 200, Array)
#12 C:\\Users\\user\\perpustakaan-9\\vendor\\laravel\\framework\\src\\Illuminate\\Routing\\Router.php(875): Illuminate\\Routing\\Router::toResponse(Object(Illuminate\\Http\\Request), Object(Illuminate\\View\\View))
#13 C:\\Users\\user\\perpustakaan-9\\vendor\\laravel\\framework\\src\\Illuminate\\Routing\\Router.php(798): Illuminate\\Routing\\Router->prepareResponse(Object(Illuminate\\Http\\Request), Object(Illuminate\\View\\View))
#14 C:\\Users\\user\\perpustakaan-9\\vendor\\laravel\\framework\\src\\Illuminate\\Pipeline\\Pipeline.php(141): Illuminate\\Routing\\Router->Illuminate\\Routing\\{closure}(Object(Illuminate\\Http\\Request))
#15 C:\\Users\\user\\perpustakaan-9\\vendor\\laravel\\framework\\src\\Illuminate\\Routing\\Middleware\\SubstituteBindings.php(50): Illuminate\\Pipeline\\Pipeline->Illuminate\\Pipeline\\{closure}(Object(Illuminate\\Http\\Request))
#16 C:\\Users\\user\\perpustakaan-9\\vendor\\laravel\\framework\\src\\Illuminate\\Pipeline\\Pipeline.php(180): Illuminate\\Routing\\Middleware\\SubstituteBindings->handle(Object(Illuminate\\Http\\Request), Object(Closure))
#17 C:\\Users\\user\\perpustakaan-9\\vendor\\laravel\\framework\\src\\Illuminate\\Foundation\\Http\\Middleware\\VerifyCsrfToken.php(78): Illuminate\\Pipeline\\Pipeline->Illuminate\\Pipeline\\{closure}(Object(Illuminate\\Http\\Request))
#18 C:\\Users\\user\\perpustakaan-9\\vendor\\laravel\\framework\\src\\Illuminate\\Pipeline\\Pipeline.php(180): Illuminate\\Foundation\\Http\\Middleware\\VerifyCsrfToken->handle(Object(Illuminate\\Http\\Request), Object(Closure))
#19 C:\\Users\\user\\perpustakaan-9\\vendor\\laravel\\framework\\src\\Illuminate\\View\\Middleware\\ShareErrorsFromSession.php(49): Illuminate\\Pipeline\\Pipeline->Illuminate\\Pipeline\\{closure}(Object(Illuminate\\Http\\Request))
#20 C:\\Users\\user\\perpustakaan-9\\vendor\\laravel\\framework\\src\\Illuminate\\Pipeline\\Pipeline.php(180): Illuminate\\View\\Middleware\\ShareErrorsFromSession->handle(Object(Illuminate\\Http\\Request), Object(Closure))
#21 C:\\Users\\user\\perpustakaan-9\\vendor\\laravel\\framework\\src\\Illuminate\\Session\\Middleware\\StartSession.php(121): Illuminate\\Pipeline\\Pipeline->Illuminate\\Pipeline\\{closure}(Object(Illuminate\\Http\\Request))
#22 C:\\Users\\user\\perpustakaan-9\\vendor\\laravel\\framework\\src\\Illuminate\\Session\\Middleware\\StartSession.php(64): Illuminate\\Session\\Middleware\\StartSession->handleStatefulRequest(Object(Illuminate\\Http\\Request), Object(Illuminate\\Session\\Store), Object(Closure))
#23 C:\\Users\\user\\perpustakaan-9\\vendor\\laravel\\framework\\src\\Illuminate\\Pipeline\\Pipeline.php(180): Illuminate\\Session\\Middleware\\StartSession->handle(Object(Illuminate\\Http\\Request), Object(Closure))
#24 C:\\Users\\user\\perpustakaan-9\\vendor\\laravel\\framework\\src\\Illuminate\\Cookie\\Middleware\\AddQueuedCookiesToResponse.php(37): Illuminate\\Pipeline\\Pipeline->Illuminate\\Pipeline\\{closure}(Object(Illuminate\\Http\\Request))
#25 C:\\Users\\user\\perpustakaan-9\\vendor\\laravel\\framework\\src\\Illuminate\\Pipeline\\Pipeline.php(180): Illuminate\\Cookie\\Middleware\\AddQueuedCookiesToResponse->handle(Object(Illuminate\\Http\\Request), Object(Closure))
#26 C:\\Users\\user\\perpustakaan-9\\vendor\\laravel\\framework\\src\\Illuminate\\Cookie\\Middleware\\EncryptCookies.php(67): Illuminate\\Pipeline\\Pipeline->Illuminate\\Pipeline\\{closure}(Object(Illuminate\\Http\\Request))
#27 C:\\Users\\user\\perpustakaan-9\\vendor\\laravel\\framework\\src\\Illuminate\\Pipeline\\Pipeline.php(180): Illuminate\\Cookie\\Middleware\\EncryptCookies->handle(Object(Illuminate\\Http\\Request), Object(Closure))
#28 C:\\Users\\user\\perpustakaan-9\\vendor\\laravel\\framework\\src\\Illuminate\\Pipeline\\Pipeline.php(116): Illuminate\\Pipeline\\Pipeline->Illuminate\\Pipeline\\{closure}(Object(Illuminate\\Http\\Request))
#29 C:\\Users\\user\\perpustakaan-9\\vendor\\laravel\\framework\\src\\Illuminate\\Routing\\Router.php(799): Illuminate\\Pipeline\\Pipeline->then(Object(Closure))
#30 C:\\Users\\user\\perpustakaan-9\\vendor\\laravel\\framework\\src\\Illuminate\\Routing\\Router.php(776): Illuminate\\Routing\\Router->runRouteWithinStack(Object(Illuminate\\Routing\\Route), Object(Illuminate\\Http\\Request))
#31 C:\\Users\\user\\perpustakaan-9\\vendor\\laravel\\framework\\src\\Illuminate\\Routing\\Router.php(740): Illuminate\\Routing\\Router->runRoute(Object(Illuminate\\Http\\Request), Object(Illuminate\\Routing\\Route))
#32 C:\\Users\\user\\perpustakaan-9\\vendor\\laravel\\framework\\src\\Illuminate\\Routing\\Router.php(729): Illuminate\\Routing\\Router->dispatchToRoute(Object(Illuminate\\Http\\Request))
#33 C:\\Users\\user\\perpustakaan-9\\vendor\\laravel\\framework\\src\\Illuminate\\Foundation\\Http\\Kernel.php(190): Illuminate\\Routing\\Router->dispatch(Object(Illuminate\\Http\\Request))
#34 C:\\Users\\user\\perpustakaan-9\\vendor\\laravel\\framework\\src\\Illuminate\\Pipeline\\Pipeline.php(141): Illuminate\\Foundation\\Http\\Kernel->Illuminate\\Foundation\\Http\\{closure}(Object(Illuminate\\Http\\Request))
#35 C:\\Users\\user\\perpustakaan-9\\vendor\\laravel\\framework\\src\\Illuminate\\Foundation\\Http\\Middleware\\TransformsRequest.php(21): Illuminate\\Pipeline\\Pipeline->Illuminate\\Pipeline\\{closure}(Object(Illuminate\\Http\\Request))
#36 C:\\Users\\user\\perpustakaan-9\\vendor\\laravel\\framework\\src\\Illuminate\\Foundation\\Http\\Middleware\\ConvertEmptyStringsToNull.php(31): Illuminate\\Foundation\\Http\\Middleware\\TransformsRequest->handle(Object(Illuminate\\Http\\Request), Object(Closure))
#37 C:\\Users\\user\\perpustakaan-9\\vendor\\laravel\\framework\\src\\Illuminate\\Pipeline\\Pipeline.php(180): Illuminate\\Foundation\\Http\\Middleware\\ConvertEmptyStringsToNull->handle(Object(Illuminate\\Http\\Request), Object(Closure))
#38 C:\\Users\\user\\perpustakaan-9\\vendor\\laravel\\framework\\src\\Illuminate\\Foundation\\Http\\Middleware\\TransformsRequest.php(21): Illuminate\\Pipeline\\Pipeline->Illuminate\\Pipeline\\{closure}(Object(Illuminate\\Http\\Request))
#39 C:\\Users\\user\\perpustakaan-9\\vendor\\laravel\\framework\\src\\Illuminate\\Foundation\\Http\\Middleware\\TrimStrings.php(40): Illuminate\\Foundation\\Http\\Middleware\\TransformsRequest->handle(Object(Illuminate\\Http\\Request), Object(Closure))
#40 C:\\Users\\user\\perpustakaan-9\\vendor\\laravel\\framework\\src\\Illuminate\\Pipeline\\Pipeline.php(180): Illuminate\\Foundation\\Http\\Middleware\\TrimStrings->handle(Object(Illuminate\\Http\\Request), Object(Closure))
#41 C:\\Users\\user\\perpustakaan-9\\vendor\\laravel\\framework\\src\\Illuminate\\Foundation\\Http\\Middleware\\ValidatePostSize.php(27): Illuminate\\Pipeline\\Pipeline->Illuminate\\Pipeline\\{closure}(Object(Illuminate\\Http\\Request))
#42 C:\\Users\\user\\perpustakaan-9\\vendor\\laravel\\framework\\src\\Illuminate\\Pipeline\\Pipeline.php(180): Illuminate\\Foundation\\Http\\Middleware\\ValidatePostSize->handle(Object(Illuminate\\Http\\Request), Object(Closure))
#43 C:\\Users\\user\\perpustakaan-9\\vendor\\laravel\\framework\\src\\Illuminate\\Foundation\\Http\\Middleware\\PreventRequestsDuringMaintenance.php(86): Illuminate\\Pipeline\\Pipeline->Illuminate\\Pipeline\\{closure}(Object(Illuminate\\Http\\Request))
#44 C:\\Users\\user\\perpustakaan-9\\vendor\\laravel\\framework\\src\\Illuminate\\Pipeline\\Pipeline.php(180): Illuminate\\Foundation\\Http\\Middleware\\PreventRequestsDuringMaintenance->handle(Object(Illuminate\\Http\\Request), Object(Closure))
#45 C:\\Users\\user\\perpustakaan-9\\vendor\\fruitcake\\laravel-cors\\src\\HandleCors.php(38): Illuminate\\Pipeline\\Pipeline->Illuminate\\Pipeline\\{closure}(Object(Illuminate\\Http\\Request))
#46 C:\\Users\\user\\perpustakaan-9\\vendor\\laravel\\framework\\src\\Illuminate\\Pipeline\\Pipeline.php(180): Fruitcake\\Cors\\HandleCors->handle(Object(Illuminate\\Http\\Request), Object(Closure))
#47 C:\\Users\\user\\perpustakaan-9\\vendor\\laravel\\framework\\src\\Illuminate\\Http\\Middleware\\TrustProxies.php(39): Illuminate\\Pipeline\\Pipeline->Illuminate\\Pipeline\\{closure}(Object(Illuminate\\Http\\Request))
#48 C:\\Users\\user\\perpustakaan-9\\vendor\\laravel\\framework\\src\\Illuminate\\Pipeline\\Pipeline.php(180): Illuminate\\Http\\Middleware\\TrustProxies->handle(Object(Illuminate\\Http\\Request), Object(Closure))
#49 C:\\Users\\user\\perpustakaan-9\\vendor\\laravel\\framework\\src\\Illuminate\\Pipeline\\Pipeline.php(116): Illuminate\\Pipeline\\Pipeline->Illuminate\\Pipeline\\{closure}(Object(Illuminate\\Http\\Request))
#50 C:\\Users\\user\\perpustakaan-9\\vendor\\laravel\\framework\\src\\Illuminate\\Foundation\\Http\\Kernel.php(165): Illuminate\\Pipeline\\Pipeline->then(Object(Closure))
#51 C:\\Users\\user\\perpustakaan-9\\vendor\\laravel\\framework\\src\\Illuminate\\Foundation\\Http\\Kernel.php(134): Illuminate\\Foundation\\Http\\Kernel->sendRequestThroughRouter(Object(Illuminate\\Http\\Request))
#52 C:\\Users\\user\\perpustakaan-9\\public\\index.php(52): Illuminate\\Foundation\\Http\\Kernel->handle(Object(Illuminate\\Http\\Request))
#53 C:\\Users\\user\\perpustakaan-9\\vendor\\laravel\\framework\\src\\Illuminate\\Foundation\\resources\\server.php(16): require_once('C:\\\\Users\\\\user\\\\p...')
#54 {main}
"} 
[2026-06-02 13:51:45] local.ERROR: Route [anggota.index] not defined. {"exception":"[object] (Spatie\\LaravelIgnition\\Exceptions\\ViewException(code: 0): Route [anggota.index] not defined. at C:\\Users\\user\\perpustakaan-9\\vendor\\laravel\\framework\\src\\Illuminate\\Routing\\UrlGenerator.php:467)
[stacktrace]
#0 C:\\Users\\user\\perpustakaan-9\\vendor\\laravel\\framework\\src\\Illuminate\\Foundation\\helpers.php(826): Illuminate\\Routing\\UrlGenerator->route('anggota.index', Array, true)
#1 C:\\Users\\user\\perpustakaan-9\\resources\\views\\home.blade.php(35): route('anggota.index')
#2 C:\\Users\\user\\perpustakaan-9\\vendor\\laravel\\framework\\src\\Illuminate\\Filesystem\\Filesystem.php(109): require('C:\\\\Users\\\\user\\\\p...')
#3 C:\\Users\\user\\perpustakaan-9\\vendor\\laravel\\framework\\src\\Illuminate\\Filesystem\\Filesystem.php(110): Illuminate\\Filesystem\\Filesystem::Illuminate\\Filesystem\\{closure}()
#4 C:\\Users\\user\\perpustakaan-9\\vendor\\laravel\\framework\\src\\Illuminate\\View\\Engines\\PhpEngine.php(58): Illuminate\\Filesystem\\Filesystem->getRequire('C:\\\\Users\\\\user\\\\p...', Array)
#5 C:\\Users\\user\\perpustakaan-9\\vendor\\laravel\\framework\\src\\Illuminate\\View\\Engines\\CompilerEngine.php(70): Illuminate\\View\\Engines\\PhpEngine->evaluatePath('C:\\\\Users\\\\user\\\\p...', Array)
#6 C:\\Users\\user\\perpustakaan-9\\vendor\\laravel\\framework\\src\\Illuminate\\View\\View.php(195): Illuminate\\View\\Engines\\CompilerEngine->get('C:\\\\Users\\\\user\\\\p...', Array)
#7 C:\\Users\\user\\perpustakaan-9\\vendor\\laravel\\framework\\src\\Illuminate\\View\\View.php(178): Illuminate\\View\\View->getContents()
#8 C:\\Users\\user\\perpustakaan-9\\vendor\\laravel\\framework\\src\\Illuminate\\View\\View.php(147): Illuminate\\View\\View->renderContents()
#9 C:\\Users\\user\\perpustakaan-9\\vendor\\laravel\\framework\\src\\Illuminate\\Http\\Response.php(69): Illuminate\\View\\View->render()
#10 C:\\Users\\user\\perpustakaan-9\\vendor\\laravel\\framework\\src\\Illuminate\\Http\\Response.php(35): Illuminate\\Http\\Response->setContent(Object(Illuminate\\View\\View))
#11 C:\\Users\\user\\perpustakaan-9\\vendor\\laravel\\framework\\src\\Illuminate\\Routing\\Router.php(906): Illuminate\\Http\\Response->__construct(Object(Illuminate\\View\\View), 200, Array)
#12 C:\\Users\\user\\perpustakaan-9\\vendor\\laravel\\framework\\src\\Illuminate\\Routing\\Router.php(875): Illuminate\\Routing\\Router::toResponse(Object(Illuminate\\Http\\Request), Object(Illuminate\\View\\View))
#13 C:\\Users\\user\\perpustakaan-9\\vendor\\laravel\\framework\\src\\Illuminate\\Routing\\Router.php(798): Illuminate\\Routing\\Router->prepareResponse(Object(Illuminate\\Http\\Request), Object(Illuminate\\View\\View))
#14 C:\\Users\\user\\perpustakaan-9\\vendor\\laravel\\framework\\src\\Illuminate\\Pipeline\\Pipeline.php(141): Illuminate\\Routing\\Router->Illuminate\\Routing\\{closure}(Object(Illuminate\\Http\\Request))
#15 C:\\Users\\user\\perpustakaan-9\\vendor\\laravel\\framework\\src\\Illuminate\\Routing\\Middleware\\SubstituteBindings.php(50): Illuminate\\Pipeline\\Pipeline->Illuminate\\Pipeline\\{closure}(Object(Illuminate\\Http\\Request))
#16 C:\\Users\\user\\perpustakaan-9\\vendor\\laravel\\framework\\src\\Illuminate\\Pipeline\\Pipeline.php(180): Illuminate\\Routing\\Middleware\\SubstituteBindings->handle(Object(Illuminate\\Http\\Request), Object(Closure))
#17 C:\\Users\\user\\perpustakaan-9\\vendor\\laravel\\framework\\src\\Illuminate\\Foundation\\Http\\Middleware\\VerifyCsrfToken.php(78): Illuminate\\Pipeline\\Pipeline->Illuminate\\Pipeline\\{closure}(Object(Illuminate\\Http\\Request))
#18 C:\\Users\\user\\perpustakaan-9\\vendor\\laravel\\framework\\src\\Illuminate\\Pipeline\\Pipeline.php(180): Illuminate\\Foundation\\Http\\Middleware\\VerifyCsrfToken->handle(Object(Illuminate\\Http\\Request), Object(Closure))
#19 C:\\Users\\user\\perpustakaan-9\\vendor\\laravel\\framework\\src\\Illuminate\\View\\Middleware\\ShareErrorsFromSession.php(49): Illuminate\\Pipeline\\Pipeline->Illuminate\\Pipeline\\{closure}(Object(Illuminate\\Http\\Request))
#20 C:\\Users\\user\\perpustakaan-9\\vendor\\laravel\\framework\\src\\Illuminate\\Pipeline\\Pipeline.php(180): Illuminate\\View\\Middleware\\ShareErrorsFromSession->handle(Object(Illuminate\\Http\\Request), Object(Closure))
#21 C:\\Users\\user\\perpustakaan-9\\vendor\\laravel\\framework\\src\\Illuminate\\Session\\Middleware\\StartSession.php(121): Illuminate\\Pipeline\\Pipeline->Illuminate\\Pipeline\\{closure}(Object(Illuminate\\Http\\Request))
#22 C:\\Users\\user\\perpustakaan-9\\vendor\\laravel\\framework\\src\\Illuminate\\Session\\Middleware\\StartSession.php(64): Illuminate\\Session\\Middleware\\StartSession->handleStatefulRequest(Object(Illuminate\\Http\\Request), Object(Illuminate\\Session\\Store), Object(Closure))
#23 C:\\Users\\user\\perpustakaan-9\\vendor\\laravel\\framework\\src\\Illuminate\\Pipeline\\Pipeline.php(180): Illuminate\\Session\\Middleware\\StartSession->handle(Object(Illuminate\\Http\\Request), Object(Closure))
#24 C:\\Users\\user\\perpustakaan-9\\vendor\\laravel\\framework\\src\\Illuminate\\Cookie\\Middleware\\AddQueuedCookiesToResponse.php(37): Illuminate\\Pipeline\\Pipeline->Illuminate\\Pipeline\\{closure}(Object(Illuminate\\Http\\Request))
#25 C:\\Users\\user\\perpustakaan-9\\vendor\\laravel\\framework\\src\\Illuminate\\Pipeline\\Pipeline.php(180): Illuminate\\Cookie\\Middleware\\AddQueuedCookiesToResponse->handle(Object(Illuminate\\Http\\Request), Object(Closure))
#26 C:\\Users\\user\\perpustakaan-9\\vendor\\laravel\\framework\\src\\Illuminate\\Cookie\\Middleware\\EncryptCookies.php(67): Illuminate\\Pipeline\\Pipeline->Illuminate\\Pipeline\\{closure}(Object(Illuminate\\Http\\Request))
#27 C:\\Users\\user\\perpustakaan-9\\vendor\\laravel\\framework\\src\\Illuminate\\Pipeline\\Pipeline.php(180): Illuminate\\Cookie\\Middleware\\EncryptCookies->handle(Object(Illuminate\\Http\\Request), Object(Closure))
#28 C:\\Users\\user\\perpustakaan-9\\vendor\\laravel\\framework\\src\\Illuminate\\Pipeline\\Pipeline.php(116): Illuminate\\Pipeline\\Pipeline->Illuminate\\Pipeline\\{closure}(Object(Illuminate\\Http\\Request))
#29 C:\\Users\\user\\perpustakaan-9\\vendor\\laravel\\framework\\src\\Illuminate\\Routing\\Router.php(799): Illuminate\\Pipeline\\Pipeline->then(Object(Closure))
#30 C:\\Users\\user\\perpustakaan-9\\vendor\\laravel\\framework\\src\\Illuminate\\Routing\\Router.php(776): Illuminate\\Routing\\Router->runRouteWithinStack(Object(Illuminate\\Routing\\Route), Object(Illuminate\\Http\\Request))
#31 C:\\Users\\user\\perpustakaan-9\\vendor\\laravel\\framework\\src\\Illuminate\\Routing\\Router.php(740): Illuminate\\Routing\\Router->runRoute(Object(Illuminate\\Http\\Request), Object(Illuminate\\Routing\\Route))
#32 C:\\Users\\user\\perpustakaan-9\\vendor\\laravel\\framework\\src\\Illuminate\\Routing\\Router.php(729): Illuminate\\Routing\\Router->dispatchToRoute(Object(Illuminate\\Http\\Request))
#33 C:\\Users\\user\\perpustakaan-9\\vendor\\laravel\\framework\\src\\Illuminate\\Foundation\\Http\\Kernel.php(190): Illuminate\\Routing\\Router->dispatch(Object(Illuminate\\Http\\Request))
#34 C:\\Users\\user\\perpustakaan-9\\vendor\\laravel\\framework\\src\\Illuminate\\Pipeline\\Pipeline.php(141): Illuminate\\Foundation\\Http\\Kernel->Illuminate\\Foundation\\Http\\{closure}(Object(Illuminate\\Http\\Request))
#35 C:\\Users\\user\\perpustakaan-9\\vendor\\laravel\\framework\\src\\Illuminate\\Foundation\\Http\\Middleware\\TransformsRequest.php(21): Illuminate\\Pipeline\\Pipeline->Illuminate\\Pipeline\\{closure}(Object(Illuminate\\Http\\Request))
#36 C:\\Users\\user\\perpustakaan-9\\vendor\\laravel\\framework\\src\\Illuminate\\Foundation\\Http\\Middleware\\ConvertEmptyStringsToNull.php(31): Illuminate\\Foundation\\Http\\Middleware\\TransformsRequest->handle(Object(Illuminate\\Http\\Request), Object(Closure))
#37 C:\\Users\\user\\perpustakaan-9\\vendor\\laravel\\framework\\src\\Illuminate\\Pipeline\\Pipeline.php(180): Illuminate\\Foundation\\Http\\Middleware\\ConvertEmptyStringsToNull->handle(Object(Illuminate\\Http\\Request), Object(Closure))
#38 C:\\Users\\user\\perpustakaan-9\\vendor\\laravel\\framework\\src\\Illuminate\\Foundation\\Http\\Middleware\\TransformsRequest.php(21): Illuminate\\Pipeline\\Pipeline->Illuminate\\Pipeline\\{closure}(Object(Illuminate\\Http\\Request))
#39 C:\\Users\\user\\perpustakaan-9\\vendor\\laravel\\framework\\src\\Illuminate\\Foundation\\Http\\Middleware\\TrimStrings.php(40): Illuminate\\Foundation\\Http\\Middleware\\TransformsRequest->handle(Object(Illuminate\\Http\\Request), Object(Closure))
#40 C:\\Users\\user\\perpustakaan-9\\vendor\\laravel\\framework\\src\\Illuminate\\Pipeline\\Pipeline.php(180): Illuminate\\Foundation\\Http\\Middleware\\TrimStrings->handle(Object(Illuminate\\Http\\Request), Object(Closure))
#41 C:\\Users\\user\\perpustakaan-9\\vendor\\laravel\\framework\\src\\Illuminate\\Foundation\\Http\\Middleware\\ValidatePostSize.php(27): Illuminate\\Pipeline\\Pipeline->Illuminate\\Pipeline\\{closure}(Object(Illuminate\\Http\\Request))
#42 C:\\Users\\user\\perpustakaan-9\\vendor\\laravel\\framework\\src\\Illuminate\\Pipeline\\Pipeline.php(180): Illuminate\\Foundation\\Http\\Middleware\\ValidatePostSize->handle(Object(Illuminate\\Http\\Request), Object(Closure))
#43 C:\\Users\\user\\perpustakaan-9\\vendor\\laravel\\framework\\src\\Illuminate\\Foundation\\Http\\Middleware\\PreventRequestsDuringMaintenance.php(86): Illuminate\\Pipeline\\Pipeline->Illuminate\\Pipeline\\{closure}(Object(Illuminate\\Http\\Request))
#44 C:\\Users\\user\\perpustakaan-9\\vendor\\laravel\\framework\\src\\Illuminate\\Pipeline\\Pipeline.php(180): Illuminate\\Foundation\\Http\\Middleware\\PreventRequestsDuringMaintenance->handle(Object(Illuminate\\Http\\Request), Object(Closure))
#45 C:\\Users\\user\\perpustakaan-9\\vendor\\fruitcake\\laravel-cors\\src\\HandleCors.php(38): Illuminate\\Pipeline\\Pipeline->Illuminate\\Pipeline\\{closure}(Object(Illuminate\\Http\\Request))
#46 C:\\Users\\user\\perpustakaan-9\\vendor\\laravel\\framework\\src\\Illuminate\\Pipeline\\Pipeline.php(180): Fruitcake\\Cors\\HandleCors->handle(Object(Illuminate\\Http\\Request), Object(Closure))
#47 C:\\Users\\user\\perpustakaan-9\\vendor\\laravel\\framework\\src\\Illuminate\\Http\\Middleware\\TrustProxies.php(39): Illuminate\\Pipeline\\Pipeline->Illuminate\\Pipeline\\{closure}(Object(Illuminate\\Http\\Request))
#48 C:\\Users\\user\\perpustakaan-9\\vendor\\laravel\\framework\\src\\Illuminate\\Pipeline\\Pipeline.php(180): Illuminate\\Http\\Middleware\\TrustProxies->handle(Object(Illuminate\\Http\\Request), Object(Closure))
#49 C:\\Users\\user\\perpustakaan-9\\vendor\\laravel\\framework\\src\\Illuminate\\Pipeline\\Pipeline.php(116): Illuminate\\Pipeline\\Pipeline->Illuminate\\Pipeline\\{closure}(Object(Illuminate\\Http\\Request))
#50 C:\\Users\\user\\perpustakaan-9\\vendor\\laravel\\framework\\src\\Illuminate\\Foundation\\Http\\Kernel.php(165): Illuminate\\Pipeline\\Pipeline->then(Object(Closure))
#51 C:\\Users\\user\\perpustakaan-9\\vendor\\laravel\\framework\\src\\Illuminate\\Foundation\\Http\\Kernel.php(134): Illuminate\\Foundation\\Http\\Kernel->sendRequestThroughRouter(Object(Illuminate\\Http\\Request))
#52 C:\\Users\\user\\perpustakaan-9\\public\\index.php(52): Illuminate\\Foundation\\Http\\Kernel->handle(Object(Illuminate\\Http\\Request))
#53 C:\\Users\\user\\perpustakaan-9\\vendor\\laravel\\framework\\src\\Illuminate\\Foundation\\resources\\server.php(16): require_once('C:\\\\Users\\\\user\\\\p...')
#54 {main}

[previous exception] [object] (Symfony\\Component\\Routing\\Exception\\RouteNotFoundException(code: 0): Route [anggota.index] not defined. at C:\\Users\\user\\perpustakaan-9\\vendor\\laravel\\framework\\src\\Illuminate\\Routing\\UrlGenerator.php:467)
[stacktrace]
#0 C:\\Users\\user\\perpustakaan-9\\vendor\\laravel\\framework\\src\\Illuminate\\Foundation\\helpers.php(826): Illuminate\\Routing\\UrlGenerator->route('anggota.index', Array, true)
#1 C:\\Users\\user\\perpustakaan-9\\storage\\framework\\views\\e44d3acdefc60594e45699385658ff98478f75bd.php(35): route('anggota.index')
#2 C:\\Users\\user\\perpustakaan-9\\vendor\\laravel\\framework\\src\\Illuminate\\Filesystem\\Filesystem.php(109): require('C:\\\\Users\\\\user\\\\p...')
#3 C:\\Users\\user\\perpustakaan-9\\vendor\\laravel\\framework\\src\\Illuminate\\Filesystem\\Filesystem.php(110): Illuminate\\Filesystem\\Filesystem::Illuminate\\Filesystem\\{closure}()
#4 C:\\Users\\user\\perpustakaan-9\\vendor\\laravel\\framework\\src\\Illuminate\\View\\Engines\\PhpEngine.php(58): Illuminate\\Filesystem\\Filesystem->getRequire('C:\\\\Users\\\\user\\\\p...', Array)
#5 C:\\Users\\user\\perpustakaan-9\\vendor\\laravel\\framework\\src\\Illuminate\\View\\Engines\\CompilerEngine.php(70): Illuminate\\View\\Engines\\PhpEngine->evaluatePath('C:\\\\Users\\\\user\\\\p...', Array)
#6 C:\\Users\\user\\perpustakaan-9\\vendor\\laravel\\framework\\src\\Illuminate\\View\\View.php(195): Illuminate\\View\\Engines\\CompilerEngine->get('C:\\\\Users\\\\user\\\\p...', Array)
#7 C:\\Users\\user\\perpustakaan-9\\vendor\\laravel\\framework\\src\\Illuminate\\View\\View.php(178): Illuminate\\View\\View->getContents()
#8 C:\\Users\\user\\perpustakaan-9\\vendor\\laravel\\framework\\src\\Illuminate\\View\\View.php(147): Illuminate\\View\\View->renderContents()
#9 C:\\Users\\user\\perpustakaan-9\\vendor\\laravel\\framework\\src\\Illuminate\\Http\\Response.php(69): Illuminate\\View\\View->render()
#10 C:\\Users\\user\\perpustakaan-9\\vendor\\laravel\\framework\\src\\Illuminate\\Http\\Response.php(35): Illuminate\\Http\\Response->setContent(Object(Illuminate\\View\\View))
#11 C:\\Users\\user\\perpustakaan-9\\vendor\\laravel\\framework\\src\\Illuminate\\Routing\\Router.php(906): Illuminate\\Http\\Response->__construct(Object(Illuminate\\View\\View), 200, Array)
#12 C:\\Users\\user\\perpustakaan-9\\vendor\\laravel\\framework\\src\\Illuminate\\Routing\\Router.php(875): Illuminate\\Routing\\Router::toResponse(Object(Illuminate\\Http\\Request), Object(Illuminate\\View\\View))
#13 C:\\Users\\user\\perpustakaan-9\\vendor\\laravel\\framework\\src\\Illuminate\\Routing\\Router.php(798): Illuminate\\Routing\\Router->prepareResponse(Object(Illuminate\\Http\\Request), Object(Illuminate\\View\\View))
#14 C:\\Users\\user\\perpustakaan-9\\vendor\\laravel\\framework\\src\\Illuminate\\Pipeline\\Pipeline.php(141): Illuminate\\Routing\\Router->Illuminate\\Routing\\{closure}(Object(Illuminate\\Http\\Request))
#15 C:\\Users\\user\\perpustakaan-9\\vendor\\laravel\\framework\\src\\Illuminate\\Routing\\Middleware\\SubstituteBindings.php(50): Illuminate\\Pipeline\\Pipeline->Illuminate\\Pipeline\\{closure}(Object(Illuminate\\Http\\Request))
#16 C:\\Users\\user\\perpustakaan-9\\vendor\\laravel\\framework\\src\\Illuminate\\Pipeline\\Pipeline.php(180): Illuminate\\Routing\\Middleware\\SubstituteBindings->handle(Object(Illuminate\\Http\\Request), Object(Closure))
#17 C:\\Users\\user\\perpustakaan-9\\vendor\\laravel\\framework\\src\\Illuminate\\Foundation\\Http\\Middleware\\VerifyCsrfToken.php(78): Illuminate\\Pipeline\\Pipeline->Illuminate\\Pipeline\\{closure}(Object(Illuminate\\Http\\Request))
#18 C:\\Users\\user\\perpustakaan-9\\vendor\\laravel\\framework\\src\\Illuminate\\Pipeline\\Pipeline.php(180): Illuminate\\Foundation\\Http\\Middleware\\VerifyCsrfToken->handle(Object(Illuminate\\Http\\Request), Object(Closure))
#19 C:\\Users\\user\\perpustakaan-9\\vendor\\laravel\\framework\\src\\Illuminate\\View\\Middleware\\ShareErrorsFromSession.php(49): Illuminate\\Pipeline\\Pipeline->Illuminate\\Pipeline\\{closure}(Object(Illuminate\\Http\\Request))
#20 C:\\Users\\user\\perpustakaan-9\\vendor\\laravel\\framework\\src\\Illuminate\\Pipeline\\Pipeline.php(180): Illuminate\\View\\Middleware\\ShareErrorsFromSession->handle(Object(Illuminate\\Http\\Request), Object(Closure))
#21 C:\\Users\\user\\perpustakaan-9\\vendor\\laravel\\framework\\src\\Illuminate\\Session\\Middleware\\StartSession.php(121): Illuminate\\Pipeline\\Pipeline->Illuminate\\Pipeline\\{closure}(Object(Illuminate\\Http\\Request))
#22 C:\\Users\\user\\perpustakaan-9\\vendor\\laravel\\framework\\src\\Illuminate\\Session\\Middleware\\StartSession.php(64): Illuminate\\Session\\Middleware\\StartSession->handleStatefulRequest(Object(Illuminate\\Http\\Request), Object(Illuminate\\Session\\Store), Object(Closure))
#23 C:\\Users\\user\\perpustakaan-9\\vendor\\laravel\\framework\\src\\Illuminate\\Pipeline\\Pipeline.php(180): Illuminate\\Session\\Middleware\\StartSession->handle(Object(Illuminate\\Http\\Request), Object(Closure))
#24 C:\\Users\\user\\perpustakaan-9\\vendor\\laravel\\framework\\src\\Illuminate\\Cookie\\Middleware\\AddQueuedCookiesToResponse.php(37): Illuminate\\Pipeline\\Pipeline->Illuminate\\Pipeline\\{closure}(Object(Illuminate\\Http\\Request))
#25 C:\\Users\\user\\perpustakaan-9\\vendor\\laravel\\framework\\src\\Illuminate\\Pipeline\\Pipeline.php(180): Illuminate\\Cookie\\Middleware\\AddQueuedCookiesToResponse->handle(Object(Illuminate\\Http\\Request), Object(Closure))
#26 C:\\Users\\user\\perpustakaan-9\\vendor\\laravel\\framework\\src\\Illuminate\\Cookie\\Middleware\\EncryptCookies.php(67): Illuminate\\Pipeline\\Pipeline->Illuminate\\Pipeline\\{closure}(Object(Illuminate\\Http\\Request))
#27 C:\\Users\\user\\perpustakaan-9\\vendor\\laravel\\framework\\src\\Illuminate\\Pipeline\\Pipeline.php(180): Illuminate\\Cookie\\Middleware\\EncryptCookies->handle(Object(Illuminate\\Http\\Request), Object(Closure))
#28 C:\\Users\\user\\perpustakaan-9\\vendor\\laravel\\framework\\src\\Illuminate\\Pipeline\\Pipeline.php(116): Illuminate\\Pipeline\\Pipeline->Illuminate\\Pipeline\\{closure}(Object(Illuminate\\Http\\Request))
#29 C:\\Users\\user\\perpustakaan-9\\vendor\\laravel\\framework\\src\\Illuminate\\Routing\\Router.php(799): Illuminate\\Pipeline\\Pipeline->then(Object(Closure))
#30 C:\\Users\\user\\perpustakaan-9\\vendor\\laravel\\framework\\src\\Illuminate\\Routing\\Router.php(776): Illuminate\\Routing\\Router->runRouteWithinStack(Object(Illuminate\\Routing\\Route), Object(Illuminate\\Http\\Request))
#31 C:\\Users\\user\\perpustakaan-9\\vendor\\laravel\\framework\\src\\Illuminate\\Routing\\Router.php(740): Illuminate\\Routing\\Router->runRoute(Object(Illuminate\\Http\\Request), Object(Illuminate\\Routing\\Route))
#32 C:\\Users\\user\\perpustakaan-9\\vendor\\laravel\\framework\\src\\Illuminate\\Routing\\Router.php(729): Illuminate\\Routing\\Router->dispatchToRoute(Object(Illuminate\\Http\\Request))
#33 C:\\Users\\user\\perpustakaan-9\\vendor\\laravel\\framework\\src\\Illuminate\\Foundation\\Http\\Kernel.php(190): Illuminate\\Routing\\Router->dispatch(Object(Illuminate\\Http\\Request))
#34 C:\\Users\\user\\perpustakaan-9\\vendor\\laravel\\framework\\src\\Illuminate\\Pipeline\\Pipeline.php(141): Illuminate\\Foundation\\Http\\Kernel->Illuminate\\Foundation\\Http\\{closure}(Object(Illuminate\\Http\\Request))
#35 C:\\Users\\user\\perpustakaan-9\\vendor\\laravel\\framework\\src\\Illuminate\\Foundation\\Http\\Middleware\\TransformsRequest.php(21): Illuminate\\Pipeline\\Pipeline->Illuminate\\Pipeline\\{closure}(Object(Illuminate\\Http\\Request))
#36 C:\\Users\\user\\perpustakaan-9\\vendor\\laravel\\framework\\src\\Illuminate\\Foundation\\Http\\Middleware\\ConvertEmptyStringsToNull.php(31): Illuminate\\Foundation\\Http\\Middleware\\TransformsRequest->handle(Object(Illuminate\\Http\\Request), Object(Closure))
#37 C:\\Users\\user\\perpustakaan-9\\vendor\\laravel\\framework\\src\\Illuminate\\Pipeline\\Pipeline.php(180): Illuminate\\Foundation\\Http\\Middleware\\ConvertEmptyStringsToNull->handle(Object(Illuminate\\Http\\Request), Object(Closure))
#38 C:\\Users\\user\\perpustakaan-9\\vendor\\laravel\\framework\\src\\Illuminate\\Foundation\\Http\\Middleware\\TransformsRequest.php(21): Illuminate\\Pipeline\\Pipeline->Illuminate\\Pipeline\\{closure}(Object(Illuminate\\Http\\Request))
#39 C:\\Users\\user\\perpustakaan-9\\vendor\\laravel\\framework\\src\\Illuminate\\Foundation\\Http\\Middleware\\TrimStrings.php(40): Illuminate\\Foundation\\Http\\Middleware\\TransformsRequest->handle(Object(Illuminate\\Http\\Request), Object(Closure))
#40 C:\\Users\\user\\perpustakaan-9\\vendor\\laravel\\framework\\src\\Illuminate\\Pipeline\\Pipeline.php(180): Illuminate\\Foundation\\Http\\Middleware\\TrimStrings->handle(Object(Illuminate\\Http\\Request), Object(Closure))
#41 C:\\Users\\user\\perpustakaan-9\\vendor\\laravel\\framework\\src\\Illuminate\\Foundation\\Http\\Middleware\\ValidatePostSize.php(27): Illuminate\\Pipeline\\Pipeline->Illuminate\\Pipeline\\{closure}(Object(Illuminate\\Http\\Request))
#42 C:\\Users\\user\\perpustakaan-9\\vendor\\laravel\\framework\\src\\Illuminate\\Pipeline\\Pipeline.php(180): Illuminate\\Foundation\\Http\\Middleware\\ValidatePostSize->handle(Object(Illuminate\\Http\\Request), Object(Closure))
#43 C:\\Users\\user\\perpustakaan-9\\vendor\\laravel\\framework\\src\\Illuminate\\Foundation\\Http\\Middleware\\PreventRequestsDuringMaintenance.php(86): Illuminate\\Pipeline\\Pipeline->Illuminate\\Pipeline\\{closure}(Object(Illuminate\\Http\\Request))
#44 C:\\Users\\user\\perpustakaan-9\\vendor\\laravel\\framework\\src\\Illuminate\\Pipeline\\Pipeline.php(180): Illuminate\\Foundation\\Http\\Middleware\\PreventRequestsDuringMaintenance->handle(Object(Illuminate\\Http\\Request), Object(Closure))
#45 C:\\Users\\user\\perpustakaan-9\\vendor\\fruitcake\\laravel-cors\\src\\HandleCors.php(38): Illuminate\\Pipeline\\Pipeline->Illuminate\\Pipeline\\{closure}(Object(Illuminate\\Http\\Request))
#46 C:\\Users\\user\\perpustakaan-9\\vendor\\laravel\\framework\\src\\Illuminate\\Pipeline\\Pipeline.php(180): Fruitcake\\Cors\\HandleCors->handle(Object(Illuminate\\Http\\Request), Object(Closure))
#47 C:\\Users\\user\\perpustakaan-9\\vendor\\laravel\\framework\\src\\Illuminate\\Http\\Middleware\\TrustProxies.php(39): Illuminate\\Pipeline\\Pipeline->Illuminate\\Pipeline\\{closure}(Object(Illuminate\\Http\\Request))
#48 C:\\Users\\user\\perpustakaan-9\\vendor\\laravel\\framework\\src\\Illuminate\\Pipeline\\Pipeline.php(180): Illuminate\\Http\\Middleware\\TrustProxies->handle(Object(Illuminate\\Http\\Request), Object(Closure))
#49 C:\\Users\\user\\perpustakaan-9\\vendor\\laravel\\framework\\src\\Illuminate\\Pipeline\\Pipeline.php(116): Illuminate\\Pipeline\\Pipeline->Illuminate\\Pipeline\\{closure}(Object(Illuminate\\Http\\Request))
#50 C:\\Users\\user\\perpustakaan-9\\vendor\\laravel\\framework\\src\\Illuminate\\Foundation\\Http\\Kernel.php(165): Illuminate\\Pipeline\\Pipeline->then(Object(Closure))
#51 C:\\Users\\user\\perpustakaan-9\\vendor\\laravel\\framework\\src\\Illuminate\\Foundation\\Http\\Kernel.php(134): Illuminate\\Foundation\\Http\\Kernel->sendRequestThroughRouter(Object(Illuminate\\Http\\Request))
#52 C:\\Users\\user\\perpustakaan-9\\public\\index.php(52): Illuminate\\Foundation\\Http\\Kernel->handle(Object(Illuminate\\Http\\Request))
#53 C:\\Users\\user\\perpustakaan-9\\vendor\\laravel\\framework\\src\\Illuminate\\Foundation\\resources\\server.php(16): require_once('C:\\\\Users\\\\user\\\\p...')
#54 {main}
"} 
[2026-06-02 13:52:36] local.ERROR: Route [anggota.index] not defined. {"exception":"[object] (Spatie\\LaravelIgnition\\Exceptions\\ViewException(code: 0): Route [anggota.index] not defined. at C:\\Users\\user\\perpustakaan-9\\vendor\\laravel\\framework\\src\\Illuminate\\Routing\\UrlGenerator.php:467)
[stacktrace]
#0 C:\\Users\\user\\perpustakaan-9\\vendor\\laravel\\framework\\src\\Illuminate\\Foundation\\helpers.php(826): Illuminate\\Routing\\UrlGenerator->route('anggota.index', Array, true)
#1 C:\\Users\\user\\perpustakaan-9\\resources\\views\\home.blade.php(35): route('anggota.index')
#2 C:\\Users\\user\\perpustakaan-9\\vendor\\laravel\\framework\\src\\Illuminate\\Filesystem\\Filesystem.php(109): require('C:\\\\Users\\\\user\\\\p...')
#3 C:\\Users\\user\\perpustakaan-9\\vendor\\laravel\\framework\\src\\Illuminate\\Filesystem\\Filesystem.php(110): Illuminate\\Filesystem\\Filesystem::Illuminate\\Filesystem\\{closure}()
#4 C:\\Users\\user\\perpustakaan-9\\vendor\\laravel\\framework\\src\\Illuminate\\View\\Engines\\PhpEngine.php(58): Illuminate\\Filesystem\\Filesystem->getRequire('C:\\\\Users\\\\user\\\\p...', Array)
#5 C:\\Users\\user\\perpustakaan-9\\vendor\\laravel\\framework\\src\\Illuminate\\View\\Engines\\CompilerEngine.php(70): Illuminate\\View\\Engines\\PhpEngine->evaluatePath('C:\\\\Users\\\\user\\\\p...', Array)
#6 C:\\Users\\user\\perpustakaan-9\\vendor\\laravel\\framework\\src\\Illuminate\\View\\View.php(195): Illuminate\\View\\Engines\\CompilerEngine->get('C:\\\\Users\\\\user\\\\p...', Array)
#7 C:\\Users\\user\\perpustakaan-9\\vendor\\laravel\\framework\\src\\Illuminate\\View\\View.php(178): Illuminate\\View\\View->getContents()
#8 C:\\Users\\user\\perpustakaan-9\\vendor\\laravel\\framework\\src\\Illuminate\\View\\View.php(147): Illuminate\\View\\View->renderContents()
#9 C:\\Users\\user\\perpustakaan-9\\vendor\\laravel\\framework\\src\\Illuminate\\Http\\Response.php(69): Illuminate\\View\\View->render()
#10 C:\\Users\\user\\perpustakaan-9\\vendor\\laravel\\framework\\src\\Illuminate\\Http\\Response.php(35): Illuminate\\Http\\Response->setContent(Object(Illuminate\\View\\View))
#11 C:\\Users\\user\\perpustakaan-9\\vendor\\laravel\\framework\\src\\Illuminate\\Routing\\Router.php(906): Illuminate\\Http\\Response->__construct(Object(Illuminate\\View\\View), 200, Array)
#12 C:\\Users\\user\\perpustakaan-9\\vendor\\laravel\\framework\\src\\Illuminate\\Routing\\Router.php(875): Illuminate\\Routing\\Router::toResponse(Object(Illuminate\\Http\\Request), Object(Illuminate\\View\\View))
#13 C:\\Users\\user\\perpustakaan-9\\vendor\\laravel\\framework\\src\\Illuminate\\Routing\\Router.php(798): Illuminate\\Routing\\Router->prepareResponse(Object(Illuminate\\Http\\Request), Object(Illuminate\\View\\View))
#14 C:\\Users\\user\\perpustakaan-9\\vendor\\laravel\\framework\\src\\Illuminate\\Pipeline\\Pipeline.php(141): Illuminate\\Routing\\Router->Illuminate\\Routing\\{closure}(Object(Illuminate\\Http\\Request))
#15 C:\\Users\\user\\perpustakaan-9\\vendor\\laravel\\framework\\src\\Illuminate\\Routing\\Middleware\\SubstituteBindings.php(50): Illuminate\\Pipeline\\Pipeline->Illuminate\\Pipeline\\{closure}(Object(Illuminate\\Http\\Request))
#16 C:\\Users\\user\\perpustakaan-9\\vendor\\laravel\\framework\\src\\Illuminate\\Pipeline\\Pipeline.php(180): Illuminate\\Routing\\Middleware\\SubstituteBindings->handle(Object(Illuminate\\Http\\Request), Object(Closure))
#17 C:\\Users\\user\\perpustakaan-9\\vendor\\laravel\\framework\\src\\Illuminate\\Foundation\\Http\\Middleware\\VerifyCsrfToken.php(78): Illuminate\\Pipeline\\Pipeline->Illuminate\\Pipeline\\{closure}(Object(Illuminate\\Http\\Request))
#18 C:\\Users\\user\\perpustakaan-9\\vendor\\laravel\\framework\\src\\Illuminate\\Pipeline\\Pipeline.php(180): Illuminate\\Foundation\\Http\\Middleware\\VerifyCsrfToken->handle(Object(Illuminate\\Http\\Request), Object(Closure))
#19 C:\\Users\\user\\perpustakaan-9\\vendor\\laravel\\framework\\src\\Illuminate\\View\\Middleware\\ShareErrorsFromSession.php(49): Illuminate\\Pipeline\\Pipeline->Illuminate\\Pipeline\\{closure}(Object(Illuminate\\Http\\Request))
#20 C:\\Users\\user\\perpustakaan-9\\vendor\\laravel\\framework\\src\\Illuminate\\Pipeline\\Pipeline.php(180): Illuminate\\View\\Middleware\\ShareErrorsFromSession->handle(Object(Illuminate\\Http\\Request), Object(Closure))
#21 C:\\Users\\user\\perpustakaan-9\\vendor\\laravel\\framework\\src\\Illuminate\\Session\\Middleware\\StartSession.php(121): Illuminate\\Pipeline\\Pipeline->Illuminate\\Pipeline\\{closure}(Object(Illuminate\\Http\\Request))
#22 C:\\Users\\user\\perpustakaan-9\\vendor\\laravel\\framework\\src\\Illuminate\\Session\\Middleware\\StartSession.php(64): Illuminate\\Session\\Middleware\\StartSession->handleStatefulRequest(Object(Illuminate\\Http\\Request), Object(Illuminate\\Session\\Store), Object(Closure))
#23 C:\\Users\\user\\perpustakaan-9\\vendor\\laravel\\framework\\src\\Illuminate\\Pipeline\\Pipeline.php(180): Illuminate\\Session\\Middleware\\StartSession->handle(Object(Illuminate\\Http\\Request), Object(Closure))
#24 C:\\Users\\user\\perpustakaan-9\\vendor\\laravel\\framework\\src\\Illuminate\\Cookie\\Middleware\\AddQueuedCookiesToResponse.php(37): Illuminate\\Pipeline\\Pipeline->Illuminate\\Pipeline\\{closure}(Object(Illuminate\\Http\\Request))
#25 C:\\Users\\user\\perpustakaan-9\\vendor\\laravel\\framework\\src\\Illuminate\\Pipeline\\Pipeline.php(180): Illuminate\\Cookie\\Middleware\\AddQueuedCookiesToResponse->handle(Object(Illuminate\\Http\\Request), Object(Closure))
#26 C:\\Users\\user\\perpustakaan-9\\vendor\\laravel\\framework\\src\\Illuminate\\Cookie\\Middleware\\EncryptCookies.php(67): Illuminate\\Pipeline\\Pipeline->Illuminate\\Pipeline\\{closure}(Object(Illuminate\\Http\\Request))
#27 C:\\Users\\user\\perpustakaan-9\\vendor\\laravel\\framework\\src\\Illuminate\\Pipeline\\Pipeline.php(180): Illuminate\\Cookie\\Middleware\\EncryptCookies->handle(Object(Illuminate\\Http\\Request), Object(Closure))
#28 C:\\Users\\user\\perpustakaan-9\\vendor\\laravel\\framework\\src\\Illuminate\\Pipeline\\Pipeline.php(116): Illuminate\\Pipeline\\Pipeline->Illuminate\\Pipeline\\{closure}(Object(Illuminate\\Http\\Request))
#29 C:\\Users\\user\\perpustakaan-9\\vendor\\laravel\\framework\\src\\Illuminate\\Routing\\Router.php(799): Illuminate\\Pipeline\\Pipeline->then(Object(Closure))
#30 C:\\Users\\user\\perpustakaan-9\\vendor\\laravel\\framework\\src\\Illuminate\\Routing\\Router.php(776): Illuminate\\Routing\\Router->runRouteWithinStack(Object(Illuminate\\Routing\\Route), Object(Illuminate\\Http\\Request))
#31 C:\\Users\\user\\perpustakaan-9\\vendor\\laravel\\framework\\src\\Illuminate\\Routing\\Router.php(740): Illuminate\\Routing\\Router->runRoute(Object(Illuminate\\Http\\Request), Object(Illuminate\\Routing\\Route))
#32 C:\\Users\\user\\perpustakaan-9\\vendor\\laravel\\framework\\src\\Illuminate\\Routing\\Router.php(729): Illuminate\\Routing\\Router->dispatchToRoute(Object(Illuminate\\Http\\Request))
#33 C:\\Users\\user\\perpustakaan-9\\vendor\\laravel\\framework\\src\\Illuminate\\Foundation\\Http\\Kernel.php(190): Illuminate\\Routing\\Router->dispatch(Object(Illuminate\\Http\\Request))
#34 C:\\Users\\user\\perpustakaan-9\\vendor\\laravel\\framework\\src\\Illuminate\\Pipeline\\Pipeline.php(141): Illuminate\\Foundation\\Http\\Kernel->Illuminate\\Foundation\\Http\\{closure}(Object(Illuminate\\Http\\Request))
#35 C:\\Users\\user\\perpustakaan-9\\vendor\\laravel\\framework\\src\\Illuminate\\Foundation\\Http\\Middleware\\TransformsRequest.php(21): Illuminate\\Pipeline\\Pipeline->Illuminate\\Pipeline\\{closure}(Object(Illuminate\\Http\\Request))
#36 C:\\Users\\user\\perpustakaan-9\\vendor\\laravel\\framework\\src\\Illuminate\\Foundation\\Http\\Middleware\\ConvertEmptyStringsToNull.php(31): Illuminate\\Foundation\\Http\\Middleware\\TransformsRequest->handle(Object(Illuminate\\Http\\Request), Object(Closure))
#37 C:\\Users\\user\\perpustakaan-9\\vendor\\laravel\\framework\\src\\Illuminate\\Pipeline\\Pipeline.php(180): Illuminate\\Foundation\\Http\\Middleware\\ConvertEmptyStringsToNull->handle(Object(Illuminate\\Http\\Request), Object(Closure))
#38 C:\\Users\\user\\perpustakaan-9\\vendor\\laravel\\framework\\src\\Illuminate\\Foundation\\Http\\Middleware\\TransformsRequest.php(21): Illuminate\\Pipeline\\Pipeline->Illuminate\\Pipeline\\{closure}(Object(Illuminate\\Http\\Request))
#39 C:\\Users\\user\\perpustakaan-9\\vendor\\laravel\\framework\\src\\Illuminate\\Foundation\\Http\\Middleware\\TrimStrings.php(40): Illuminate\\Foundation\\Http\\Middleware\\TransformsRequest->handle(Object(Illuminate\\Http\\Request), Object(Closure))
#40 C:\\Users\\user\\perpustakaan-9\\vendor\\laravel\\framework\\src\\Illuminate\\Pipeline\\Pipeline.php(180): Illuminate\\Foundation\\Http\\Middleware\\TrimStrings->handle(Object(Illuminate\\Http\\Request), Object(Closure))
#41 C:\\Users\\user\\perpustakaan-9\\vendor\\laravel\\framework\\src\\Illuminate\\Foundation\\Http\\Middleware\\ValidatePostSize.php(27): Illuminate\\Pipeline\\Pipeline->Illuminate\\Pipeline\\{closure}(Object(Illuminate\\Http\\Request))
#42 C:\\Users\\user\\perpustakaan-9\\vendor\\laravel\\framework\\src\\Illuminate\\Pipeline\\Pipeline.php(180): Illuminate\\Foundation\\Http\\Middleware\\ValidatePostSize->handle(Object(Illuminate\\Http\\Request), Object(Closure))
#43 C:\\Users\\user\\perpustakaan-9\\vendor\\laravel\\framework\\src\\Illuminate\\Foundation\\Http\\Middleware\\PreventRequestsDuringMaintenance.php(86): Illuminate\\Pipeline\\Pipeline->Illuminate\\Pipeline\\{closure}(Object(Illuminate\\Http\\Request))
#44 C:\\Users\\user\\perpustakaan-9\\vendor\\laravel\\framework\\src\\Illuminate\\Pipeline\\Pipeline.php(180): Illuminate\\Foundation\\Http\\Middleware\\PreventRequestsDuringMaintenance->handle(Object(Illuminate\\Http\\Request), Object(Closure))
#45 C:\\Users\\user\\perpustakaan-9\\vendor\\fruitcake\\laravel-cors\\src\\HandleCors.php(38): Illuminate\\Pipeline\\Pipeline->Illuminate\\Pipeline\\{closure}(Object(Illuminate\\Http\\Request))
#46 C:\\Users\\user\\perpustakaan-9\\vendor\\laravel\\framework\\src\\Illuminate\\Pipeline\\Pipeline.php(180): Fruitcake\\Cors\\HandleCors->handle(Object(Illuminate\\Http\\Request), Object(Closure))
#47 C:\\Users\\user\\perpustakaan-9\\vendor\\laravel\\framework\\src\\Illuminate\\Http\\Middleware\\TrustProxies.php(39): Illuminate\\Pipeline\\Pipeline->Illuminate\\Pipeline\\{closure}(Object(Illuminate\\Http\\Request))
#48 C:\\Users\\user\\perpustakaan-9\\vendor\\laravel\\framework\\src\\Illuminate\\Pipeline\\Pipeline.php(180): Illuminate\\Http\\Middleware\\TrustProxies->handle(Object(Illuminate\\Http\\Request), Object(Closure))
#49 C:\\Users\\user\\perpustakaan-9\\vendor\\laravel\\framework\\src\\Illuminate\\Pipeline\\Pipeline.php(116): Illuminate\\Pipeline\\Pipeline->Illuminate\\Pipeline\\{closure}(Object(Illuminate\\Http\\Request))
#50 C:\\Users\\user\\perpustakaan-9\\vendor\\laravel\\framework\\src\\Illuminate\\Foundation\\Http\\Kernel.php(165): Illuminate\\Pipeline\\Pipeline->then(Object(Closure))
#51 C:\\Users\\user\\perpustakaan-9\\vendor\\laravel\\framework\\src\\Illuminate\\Foundation\\Http\\Kernel.php(134): Illuminate\\Foundation\\Http\\Kernel->sendRequestThroughRouter(Object(Illuminate\\Http\\Request))
#52 C:\\Users\\user\\perpustakaan-9\\public\\index.php(52): Illuminate\\Foundation\\Http\\Kernel->handle(Object(Illuminate\\Http\\Request))
#53 C:\\Users\\user\\perpustakaan-9\\vendor\\laravel\\framework\\src\\Illuminate\\Foundation\\resources\\server.php(16): require_once('C:\\\\Users\\\\user\\\\p...')
#54 {main}

[previous exception] [object] (Symfony\\Component\\Routing\\Exception\\RouteNotFoundException(code: 0): Route [anggota.index] not defined. at C:\\Users\\user\\perpustakaan-9\\vendor\\laravel\\framework\\src\\Illuminate\\Routing\\UrlGenerator.php:467)
[stacktrace]
#0 C:\\Users\\user\\perpustakaan-9\\vendor\\laravel\\framework\\src\\Illuminate\\Foundation\\helpers.php(826): Illuminate\\Routing\\UrlGenerator->route('anggota.index', Array, true)
#1 C:\\Users\\user\\perpustakaan-9\\storage\\framework\\views\\e44d3acdefc60594e45699385658ff98478f75bd.php(35): route('anggota.index')
#2 C:\\Users\\user\\perpustakaan-9\\vendor\\laravel\\framework\\src\\Illuminate\\Filesystem\\Filesystem.php(109): require('C:\\\\Users\\\\user\\\\p...')
#3 C:\\Users\\user\\perpustakaan-9\\vendor\\laravel\\framework\\src\\Illuminate\\Filesystem\\Filesystem.php(110): Illuminate\\Filesystem\\Filesystem::Illuminate\\Filesystem\\{closure}()
#4 C:\\Users\\user\\perpustakaan-9\\vendor\\laravel\\framework\\src\\Illuminate\\View\\Engines\\PhpEngine.php(58): Illuminate\\Filesystem\\Filesystem->getRequire('C:\\\\Users\\\\user\\\\p...', Array)
#5 C:\\Users\\user\\perpustakaan-9\\vendor\\laravel\\framework\\src\\Illuminate\\View\\Engines\\CompilerEngine.php(70): Illuminate\\View\\Engines\\PhpEngine->evaluatePath('C:\\\\Users\\\\user\\\\p...', Array)
#6 C:\\Users\\user\\perpustakaan-9\\vendor\\laravel\\framework\\src\\Illuminate\\View\\View.php(195): Illuminate\\View\\Engines\\CompilerEngine->get('C:\\\\Users\\\\user\\\\p...', Array)
#7 C:\\Users\\user\\perpustakaan-9\\vendor\\laravel\\framework\\src\\Illuminate\\View\\View.php(178): Illuminate\\View\\View->getContents()
#8 C:\\Users\\user\\perpustakaan-9\\vendor\\laravel\\framework\\src\\Illuminate\\View\\View.php(147): Illuminate\\View\\View->renderContents()
#9 C:\\Users\\user\\perpustakaan-9\\vendor\\laravel\\framework\\src\\Illuminate\\Http\\Response.php(69): Illuminate\\View\\View->render()
#10 C:\\Users\\user\\perpustakaan-9\\vendor\\laravel\\framework\\src\\Illuminate\\Http\\Response.php(35): Illuminate\\Http\\Response->setContent(Object(Illuminate\\View\\View))
#11 C:\\Users\\user\\perpustakaan-9\\vendor\\laravel\\framework\\src\\Illuminate\\Routing\\Router.php(906): Illuminate\\Http\\Response->__construct(Object(Illuminate\\View\\View), 200, Array)
#12 C:\\Users\\user\\perpustakaan-9\\vendor\\laravel\\framework\\src\\Illuminate\\Routing\\Router.php(875): Illuminate\\Routing\\Router::toResponse(Object(Illuminate\\Http\\Request), Object(Illuminate\\View\\View))
#13 C:\\Users\\user\\perpustakaan-9\\vendor\\laravel\\framework\\src\\Illuminate\\Routing\\Router.php(798): Illuminate\\Routing\\Router->prepareResponse(Object(Illuminate\\Http\\Request), Object(Illuminate\\View\\View))
#14 C:\\Users\\user\\perpustakaan-9\\vendor\\laravel\\framework\\src\\Illuminate\\Pipeline\\Pipeline.php(141): Illuminate\\Routing\\Router->Illuminate\\Routing\\{closure}(Object(Illuminate\\Http\\Request))
#15 C:\\Users\\user\\perpustakaan-9\\vendor\\laravel\\framework\\src\\Illuminate\\Routing\\Middleware\\SubstituteBindings.php(50): Illuminate\\Pipeline\\Pipeline->Illuminate\\Pipeline\\{closure}(Object(Illuminate\\Http\\Request))
#16 C:\\Users\\user\\perpustakaan-9\\vendor\\laravel\\framework\\src\\Illuminate\\Pipeline\\Pipeline.php(180): Illuminate\\Routing\\Middleware\\SubstituteBindings->handle(Object(Illuminate\\Http\\Request), Object(Closure))
#17 C:\\Users\\user\\perpustakaan-9\\vendor\\laravel\\framework\\src\\Illuminate\\Foundation\\Http\\Middleware\\VerifyCsrfToken.php(78): Illuminate\\Pipeline\\Pipeline->Illuminate\\Pipeline\\{closure}(Object(Illuminate\\Http\\Request))
#18 C:\\Users\\user\\perpustakaan-9\\vendor\\laravel\\framework\\src\\Illuminate\\Pipeline\\Pipeline.php(180): Illuminate\\Foundation\\Http\\Middleware\\VerifyCsrfToken->handle(Object(Illuminate\\Http\\Request), Object(Closure))
#19 C:\\Users\\user\\perpustakaan-9\\vendor\\laravel\\framework\\src\\Illuminate\\View\\Middleware\\ShareErrorsFromSession.php(49): Illuminate\\Pipeline\\Pipeline->Illuminate\\Pipeline\\{closure}(Object(Illuminate\\Http\\Request))
#20 C:\\Users\\user\\perpustakaan-9\\vendor\\laravel\\framework\\src\\Illuminate\\Pipeline\\Pipeline.php(180): Illuminate\\View\\Middleware\\ShareErrorsFromSession->handle(Object(Illuminate\\Http\\Request), Object(Closure))
#21 C:\\Users\\user\\perpustakaan-9\\vendor\\laravel\\framework\\src\\Illuminate\\Session\\Middleware\\StartSession.php(121): Illuminate\\Pipeline\\Pipeline->Illuminate\\Pipeline\\{closure}(Object(Illuminate\\Http\\Request))
#22 C:\\Users\\user\\perpustakaan-9\\vendor\\laravel\\framework\\src\\Illuminate\\Session\\Middleware\\StartSession.php(64): Illuminate\\Session\\Middleware\\StartSession->handleStatefulRequest(Object(Illuminate\\Http\\Request), Object(Illuminate\\Session\\Store), Object(Closure))
#23 C:\\Users\\user\\perpustakaan-9\\vendor\\laravel\\framework\\src\\Illuminate\\Pipeline\\Pipeline.php(180): Illuminate\\Session\\Middleware\\StartSession->handle(Object(Illuminate\\Http\\Request), Object(Closure))
#24 C:\\Users\\user\\perpustakaan-9\\vendor\\laravel\\framework\\src\\Illuminate\\Cookie\\Middleware\\AddQueuedCookiesToResponse.php(37): Illuminate\\Pipeline\\Pipeline->Illuminate\\Pipeline\\{closure}(Object(Illuminate\\Http\\Request))
#25 C:\\Users\\user\\perpustakaan-9\\vendor\\laravel\\framework\\src\\Illuminate\\Pipeline\\Pipeline.php(180): Illuminate\\Cookie\\Middleware\\AddQueuedCookiesToResponse->handle(Object(Illuminate\\Http\\Request), Object(Closure))
#26 C:\\Users\\user\\perpustakaan-9\\vendor\\laravel\\framework\\src\\Illuminate\\Cookie\\Middleware\\EncryptCookies.php(67): Illuminate\\Pipeline\\Pipeline->Illuminate\\Pipeline\\{closure}(Object(Illuminate\\Http\\Request))
#27 C:\\Users\\user\\perpustakaan-9\\vendor\\laravel\\framework\\src\\Illuminate\\Pipeline\\Pipeline.php(180): Illuminate\\Cookie\\Middleware\\EncryptCookies->handle(Object(Illuminate\\Http\\Request), Object(Closure))
#28 C:\\Users\\user\\perpustakaan-9\\vendor\\laravel\\framework\\src\\Illuminate\\Pipeline\\Pipeline.php(116): Illuminate\\Pipeline\\Pipeline->Illuminate\\Pipeline\\{closure}(Object(Illuminate\\Http\\Request))
#29 C:\\Users\\user\\perpustakaan-9\\vendor\\laravel\\framework\\src\\Illuminate\\Routing\\Router.php(799): Illuminate\\Pipeline\\Pipeline->then(Object(Closure))
#30 C:\\Users\\user\\perpustakaan-9\\vendor\\laravel\\framework\\src\\Illuminate\\Routing\\Router.php(776): Illuminate\\Routing\\Router->runRouteWithinStack(Object(Illuminate\\Routing\\Route), Object(Illuminate\\Http\\Request))
#31 C:\\Users\\user\\perpustakaan-9\\vendor\\laravel\\framework\\src\\Illuminate\\Routing\\Router.php(740): Illuminate\\Routing\\Router->runRoute(Object(Illuminate\\Http\\Request), Object(Illuminate\\Routing\\Route))
#32 C:\\Users\\user\\perpustakaan-9\\vendor\\laravel\\framework\\src\\Illuminate\\Routing\\Router.php(729): Illuminate\\Routing\\Router->dispatchToRoute(Object(Illuminate\\Http\\Request))
#33 C:\\Users\\user\\perpustakaan-9\\vendor\\laravel\\framework\\src\\Illuminate\\Foundation\\Http\\Kernel.php(190): Illuminate\\Routing\\Router->dispatch(Object(Illuminate\\Http\\Request))
#34 C:\\Users\\user\\perpustakaan-9\\vendor\\laravel\\framework\\src\\Illuminate\\Pipeline\\Pipeline.php(141): Illuminate\\Foundation\\Http\\Kernel->Illuminate\\Foundation\\Http\\{closure}(Object(Illuminate\\Http\\Request))
#35 C:\\Users\\user\\perpustakaan-9\\vendor\\laravel\\framework\\src\\Illuminate\\Foundation\\Http\\Middleware\\TransformsRequest.php(21): Illuminate\\Pipeline\\Pipeline->Illuminate\\Pipeline\\{closure}(Object(Illuminate\\Http\\Request))
#36 C:\\Users\\user\\perpustakaan-9\\vendor\\laravel\\framework\\src\\Illuminate\\Foundation\\Http\\Middleware\\ConvertEmptyStringsToNull.php(31): Illuminate\\Foundation\\Http\\Middleware\\TransformsRequest->handle(Object(Illuminate\\Http\\Request), Object(Closure))
#37 C:\\Users\\user\\perpustakaan-9\\vendor\\laravel\\framework\\src\\Illuminate\\Pipeline\\Pipeline.php(180): Illuminate\\Foundation\\Http\\Middleware\\ConvertEmptyStringsToNull->handle(Object(Illuminate\\Http\\Request), Object(Closure))
#38 C:\\Users\\user\\perpustakaan-9\\vendor\\laravel\\framework\\src\\Illuminate\\Foundation\\Http\\Middleware\\TransformsRequest.php(21): Illuminate\\Pipeline\\Pipeline->Illuminate\\Pipeline\\{closure}(Object(Illuminate\\Http\\Request))
#39 C:\\Users\\user\\perpustakaan-9\\vendor\\laravel\\framework\\src\\Illuminate\\Foundation\\Http\\Middleware\\TrimStrings.php(40): Illuminate\\Foundation\\Http\\Middleware\\TransformsRequest->handle(Object(Illuminate\\Http\\Request), Object(Closure))
#40 C:\\Users\\user\\perpustakaan-9\\vendor\\laravel\\framework\\src\\Illuminate\\Pipeline\\Pipeline.php(180): Illuminate\\Foundation\\Http\\Middleware\\TrimStrings->handle(Object(Illuminate\\Http\\Request), Object(Closure))
#41 C:\\Users\\user\\perpustakaan-9\\vendor\\laravel\\framework\\src\\Illuminate\\Foundation\\Http\\Middleware\\ValidatePostSize.php(27): Illuminate\\Pipeline\\Pipeline->Illuminate\\Pipeline\\{closure}(Object(Illuminate\\Http\\Request))
#42 C:\\Users\\user\\perpustakaan-9\\vendor\\laravel\\framework\\src\\Illuminate\\Pipeline\\Pipeline.php(180): Illuminate\\Foundation\\Http\\Middleware\\ValidatePostSize->handle(Object(Illuminate\\Http\\Request), Object(Closure))
#43 C:\\Users\\user\\perpustakaan-9\\vendor\\laravel\\framework\\src\\Illuminate\\Foundation\\Http\\Middleware\\PreventRequestsDuringMaintenance.php(86): Illuminate\\Pipeline\\Pipeline->Illuminate\\Pipeline\\{closure}(Object(Illuminate\\Http\\Request))
#44 C:\\Users\\user\\perpustakaan-9\\vendor\\laravel\\framework\\src\\Illuminate\\Pipeline\\Pipeline.php(180): Illuminate\\Foundation\\Http\\Middleware\\PreventRequestsDuringMaintenance->handle(Object(Illuminate\\Http\\Request), Object(Closure))
#45 C:\\Users\\user\\perpustakaan-9\\vendor\\fruitcake\\laravel-cors\\src\\HandleCors.php(38): Illuminate\\Pipeline\\Pipeline->Illuminate\\Pipeline\\{closure}(Object(Illuminate\\Http\\Request))
#46 C:\\Users\\user\\perpustakaan-9\\vendor\\laravel\\framework\\src\\Illuminate\\Pipeline\\Pipeline.php(180): Fruitcake\\Cors\\HandleCors->handle(Object(Illuminate\\Http\\Request), Object(Closure))
#47 C:\\Users\\user\\perpustakaan-9\\vendor\\laravel\\framework\\src\\Illuminate\\Http\\Middleware\\TrustProxies.php(39): Illuminate\\Pipeline\\Pipeline->Illuminate\\Pipeline\\{closure}(Object(Illuminate\\Http\\Request))
#48 C:\\Users\\user\\perpustakaan-9\\vendor\\laravel\\framework\\src\\Illuminate\\Pipeline\\Pipeline.php(180): Illuminate\\Http\\Middleware\\TrustProxies->handle(Object(Illuminate\\Http\\Request), Object(Closure))
#49 C:\\Users\\user\\perpustakaan-9\\vendor\\laravel\\framework\\src\\Illuminate\\Pipeline\\Pipeline.php(116): Illuminate\\Pipeline\\Pipeline->Illuminate\\Pipeline\\{closure}(Object(Illuminate\\Http\\Request))
#50 C:\\Users\\user\\perpustakaan-9\\vendor\\laravel\\framework\\src\\Illuminate\\Foundation\\Http\\Kernel.php(165): Illuminate\\Pipeline\\Pipeline->then(Object(Closure))
#51 C:\\Users\\user\\perpustakaan-9\\vendor\\laravel\\framework\\src\\Illuminate\\Foundation\\Http\\Kernel.php(134): Illuminate\\Foundation\\Http\\Kernel->sendRequestThroughRouter(Object(Illuminate\\Http\\Request))
#52 C:\\Users\\user\\perpustakaan-9\\public\\index.php(52): Illuminate\\Foundation\\Http\\Kernel->handle(Object(Illuminate\\Http\\Request))
#53 C:\\Users\\user\\perpustakaan-9\\vendor\\laravel\\framework\\src\\Illuminate\\Foundation\\resources\\server.php(16): require_once('C:\\\\Users\\\\user\\\\p...')
#54 {main}
"} 
[2026-06-02 13:54:47] local.ERROR: Route [buku.index] not defined. {"exception":"[object] (Spatie\\LaravelIgnition\\Exceptions\\ViewException(code: 0): Route [buku.index] not defined. at C:\\Users\\user\\perpustakaan-9\\vendor\\laravel\\framework\\src\\Illuminate\\Routing\\UrlGenerator.php:467)
[stacktrace]
#0 C:\\Users\\user\\perpustakaan-9\\vendor\\laravel\\framework\\src\\Illuminate\\Foundation\\helpers.php(826): Illuminate\\Routing\\UrlGenerator->route('buku.index', Array, true)
#1 C:\\Users\\user\\perpustakaan-9\\resources\\views\\layouts\\navbar.blade.php(20): route('buku.index')
#2 C:\\Users\\user\\perpustakaan-9\\vendor\\laravel\\framework\\src\\Illuminate\\Filesystem\\Filesystem.php(109): require('C:\\\\Users\\\\user\\\\p...')
#3 C:\\Users\\user\\perpustakaan-9\\vendor\\laravel\\framework\\src\\Illuminate\\Filesystem\\Filesystem.php(110): Illuminate\\Filesystem\\Filesystem::Illuminate\\Filesystem\\{closure}()
#4 C:\\Users\\user\\perpustakaan-9\\vendor\\laravel\\framework\\src\\Illuminate\\View\\Engines\\PhpEngine.php(58): Illuminate\\Filesystem\\Filesystem->getRequire('C:\\\\Users\\\\user\\\\p...', Array)
#5 C:\\Users\\user\\perpustakaan-9\\vendor\\laravel\\framework\\src\\Illuminate\\View\\Engines\\CompilerEngine.php(70): Illuminate\\View\\Engines\\PhpEngine->evaluatePath('C:\\\\Users\\\\user\\\\p...', Array)
#6 C:\\Users\\user\\perpustakaan-9\\vendor\\laravel\\framework\\src\\Illuminate\\View\\View.php(195): Illuminate\\View\\Engines\\CompilerEngine->get('C:\\\\Users\\\\user\\\\p...', Array)
#7 C:\\Users\\user\\perpustakaan-9\\vendor\\laravel\\framework\\src\\Illuminate\\View\\View.php(178): Illuminate\\View\\View->getContents()
#8 C:\\Users\\user\\perpustakaan-9\\vendor\\laravel\\framework\\src\\Illuminate\\View\\View.php(147): Illuminate\\View\\View->renderContents()
#9 C:\\Users\\user\\perpustakaan-9\\resources\\views\\layouts\\app.blade.php(43): Illuminate\\View\\View->render()
#10 C:\\Users\\user\\perpustakaan-9\\vendor\\laravel\\framework\\src\\Illuminate\\Filesystem\\Filesystem.php(109): require('C:\\\\Users\\\\user\\\\p...')
#11 C:\\Users\\user\\perpustakaan-9\\vendor\\laravel\\framework\\src\\Illuminate\\Filesystem\\Filesystem.php(110): Illuminate\\Filesystem\\Filesystem::Illuminate\\Filesystem\\{closure}()
#12 C:\\Users\\user\\perpustakaan-9\\vendor\\laravel\\framework\\src\\Illuminate\\View\\Engines\\PhpEngine.php(58): Illuminate\\Filesystem\\Filesystem->getRequire('C:\\\\Users\\\\user\\\\p...', Array)
#13 C:\\Users\\user\\perpustakaan-9\\vendor\\laravel\\framework\\src\\Illuminate\\View\\Engines\\CompilerEngine.php(70): Illuminate\\View\\Engines\\PhpEngine->evaluatePath('C:\\\\Users\\\\user\\\\p...', Array)
#14 C:\\Users\\user\\perpustakaan-9\\vendor\\laravel\\framework\\src\\Illuminate\\View\\View.php(195): Illuminate\\View\\Engines\\CompilerEngine->get('C:\\\\Users\\\\user\\\\p...', Array)
#15 C:\\Users\\user\\perpustakaan-9\\vendor\\laravel\\framework\\src\\Illuminate\\View\\View.php(178): Illuminate\\View\\View->getContents()
#16 C:\\Users\\user\\perpustakaan-9\\vendor\\laravel\\framework\\src\\Illuminate\\View\\View.php(147): Illuminate\\View\\View->renderContents()
#17 C:\\Users\\user\\perpustakaan-9\\resources\\views\\home.blade.php(56): Illuminate\\View\\View->render()
#18 C:\\Users\\user\\perpustakaan-9\\vendor\\laravel\\framework\\src\\Illuminate\\Filesystem\\Filesystem.php(109): require('C:\\\\Users\\\\user\\\\p...')
#19 C:\\Users\\user\\perpustakaan-9\\vendor\\laravel\\framework\\src\\Illuminate\\Filesystem\\Filesystem.php(110): Illuminate\\Filesystem\\Filesystem::Illuminate\\Filesystem\\{closure}()
#20 C:\\Users\\user\\perpustakaan-9\\vendor\\laravel\\framework\\src\\Illuminate\\View\\Engines\\PhpEngine.php(58): Illuminate\\Filesystem\\Filesystem->getRequire('C:\\\\Users\\\\user\\\\p...', Array)
#21 C:\\Users\\user\\perpustakaan-9\\vendor\\laravel\\framework\\src\\Illuminate\\View\\Engines\\CompilerEngine.php(70): Illuminate\\View\\Engines\\PhpEngine->evaluatePath('C:\\\\Users\\\\user\\\\p...', Array)
#22 C:\\Users\\user\\perpustakaan-9\\vendor\\laravel\\framework\\src\\Illuminate\\View\\View.php(195): Illuminate\\View\\Engines\\CompilerEngine->get('C:\\\\Users\\\\user\\\\p...', Array)
#23 C:\\Users\\user\\perpustakaan-9\\vendor\\laravel\\framework\\src\\Illuminate\\View\\View.php(178): Illuminate\\View\\View->getContents()
#24 C:\\Users\\user\\perpustakaan-9\\vendor\\laravel\\framework\\src\\Illuminate\\View\\View.php(147): Illuminate\\View\\View->renderContents()
#25 C:\\Users\\user\\perpustakaan-9\\vendor\\laravel\\framework\\src\\Illuminate\\Http\\Response.php(69): Illuminate\\View\\View->render()
#26 C:\\Users\\user\\perpustakaan-9\\vendor\\laravel\\framework\\src\\Illuminate\\Http\\Response.php(35): Illuminate\\Http\\Response->setContent(Object(Illuminate\\View\\View))
#27 C:\\Users\\user\\perpustakaan-9\\vendor\\laravel\\framework\\src\\Illuminate\\Routing\\Router.php(906): Illuminate\\Http\\Response->__construct(Object(Illuminate\\View\\View), 200, Array)
#28 C:\\Users\\user\\perpustakaan-9\\vendor\\laravel\\framework\\src\\Illuminate\\Routing\\Router.php(875): Illuminate\\Routing\\Router::toResponse(Object(Illuminate\\Http\\Request), Object(Illuminate\\View\\View))
#29 C:\\Users\\user\\perpustakaan-9\\vendor\\laravel\\framework\\src\\Illuminate\\Routing\\Router.php(798): Illuminate\\Routing\\Router->prepareResponse(Object(Illuminate\\Http\\Request), Object(Illuminate\\View\\View))
#30 C:\\Users\\user\\perpustakaan-9\\vendor\\laravel\\framework\\src\\Illuminate\\Pipeline\\Pipeline.php(141): Illuminate\\Routing\\Router->Illuminate\\Routing\\{closure}(Object(Illuminate\\Http\\Request))
#31 C:\\Users\\user\\perpustakaan-9\\vendor\\laravel\\framework\\src\\Illuminate\\Routing\\Middleware\\SubstituteBindings.php(50): Illuminate\\Pipeline\\Pipeline->Illuminate\\Pipeline\\{closure}(Object(Illuminate\\Http\\Request))
#32 C:\\Users\\user\\perpustakaan-9\\vendor\\laravel\\framework\\src\\Illuminate\\Pipeline\\Pipeline.php(180): Illuminate\\Routing\\Middleware\\SubstituteBindings->handle(Object(Illuminate\\Http\\Request), Object(Closure))
#33 C:\\Users\\user\\perpustakaan-9\\vendor\\laravel\\framework\\src\\Illuminate\\Foundation\\Http\\Middleware\\VerifyCsrfToken.php(78): Illuminate\\Pipeline\\Pipeline->Illuminate\\Pipeline\\{closure}(Object(Illuminate\\Http\\Request))
#34 C:\\Users\\user\\perpustakaan-9\\vendor\\laravel\\framework\\src\\Illuminate\\Pipeline\\Pipeline.php(180): Illuminate\\Foundation\\Http\\Middleware\\VerifyCsrfToken->handle(Object(Illuminate\\Http\\Request), Object(Closure))
#35 C:\\Users\\user\\perpustakaan-9\\vendor\\laravel\\framework\\src\\Illuminate\\View\\Middleware\\ShareErrorsFromSession.php(49): Illuminate\\Pipeline\\Pipeline->Illuminate\\Pipeline\\{closure}(Object(Illuminate\\Http\\Request))
#36 C:\\Users\\user\\perpustakaan-9\\vendor\\laravel\\framework\\src\\Illuminate\\Pipeline\\Pipeline.php(180): Illuminate\\View\\Middleware\\ShareErrorsFromSession->handle(Object(Illuminate\\Http\\Request), Object(Closure))
#37 C:\\Users\\user\\perpustakaan-9\\vendor\\laravel\\framework\\src\\Illuminate\\Session\\Middleware\\StartSession.php(121): Illuminate\\Pipeline\\Pipeline->Illuminate\\Pipeline\\{closure}(Object(Illuminate\\Http\\Request))
#38 C:\\Users\\user\\perpustakaan-9\\vendor\\laravel\\framework\\src\\Illuminate\\Session\\Middleware\\StartSession.php(64): Illuminate\\Session\\Middleware\\StartSession->handleStatefulRequest(Object(Illuminate\\Http\\Request), Object(Illuminate\\Session\\Store), Object(Closure))
#39 C:\\Users\\user\\perpustakaan-9\\vendor\\laravel\\framework\\src\\Illuminate\\Pipeline\\Pipeline.php(180): Illuminate\\Session\\Middleware\\StartSession->handle(Object(Illuminate\\Http\\Request), Object(Closure))
#40 C:\\Users\\user\\perpustakaan-9\\vendor\\laravel\\framework\\src\\Illuminate\\Cookie\\Middleware\\AddQueuedCookiesToResponse.php(37): Illuminate\\Pipeline\\Pipeline->Illuminate\\Pipeline\\{closure}(Object(Illuminate\\Http\\Request))
#41 C:\\Users\\user\\perpustakaan-9\\vendor\\laravel\\framework\\src\\Illuminate\\Pipeline\\Pipeline.php(180): Illuminate\\Cookie\\Middleware\\AddQueuedCookiesToResponse->handle(Object(Illuminate\\Http\\Request), Object(Closure))
#42 C:\\Users\\user\\perpustakaan-9\\vendor\\laravel\\framework\\src\\Illuminate\\Cookie\\Middleware\\EncryptCookies.php(67): Illuminate\\Pipeline\\Pipeline->Illuminate\\Pipeline\\{closure}(Object(Illuminate\\Http\\Request))
#43 C:\\Users\\user\\perpustakaan-9\\vendor\\laravel\\framework\\src\\Illuminate\\Pipeline\\Pipeline.php(180): Illuminate\\Cookie\\Middleware\\EncryptCookies->handle(Object(Illuminate\\Http\\Request), Object(Closure))
#44 C:\\Users\\user\\perpustakaan-9\\vendor\\laravel\\framework\\src\\Illuminate\\Pipeline\\Pipeline.php(116): Illuminate\\Pipeline\\Pipeline->Illuminate\\Pipeline\\{closure}(Object(Illuminate\\Http\\Request))
#45 C:\\Users\\user\\perpustakaan-9\\vendor\\laravel\\framework\\src\\Illuminate\\Routing\\Router.php(799): Illuminate\\Pipeline\\Pipeline->then(Object(Closure))
#46 C:\\Users\\user\\perpustakaan-9\\vendor\\laravel\\framework\\src\\Illuminate\\Routing\\Router.php(776): Illuminate\\Routing\\Router->runRouteWithinStack(Object(Illuminate\\Routing\\Route), Object(Illuminate\\Http\\Request))
#47 C:\\Users\\user\\perpustakaan-9\\vendor\\laravel\\framework\\src\\Illuminate\\Routing\\Router.php(740): Illuminate\\Routing\\Router->runRoute(Object(Illuminate\\Http\\Request), Object(Illuminate\\Routing\\Route))
#48 C:\\Users\\user\\perpustakaan-9\\vendor\\laravel\\framework\\src\\Illuminate\\Routing\\Router.php(729): Illuminate\\Routing\\Router->dispatchToRoute(Object(Illuminate\\Http\\Request))
#49 C:\\Users\\user\\perpustakaan-9\\vendor\\laravel\\framework\\src\\Illuminate\\Foundation\\Http\\Kernel.php(190): Illuminate\\Routing\\Router->dispatch(Object(Illuminate\\Http\\Request))
#50 C:\\Users\\user\\perpustakaan-9\\vendor\\laravel\\framework\\src\\Illuminate\\Pipeline\\Pipeline.php(141): Illuminate\\Foundation\\Http\\Kernel->Illuminate\\Foundation\\Http\\{closure}(Object(Illuminate\\Http\\Request))
#51 C:\\Users\\user\\perpustakaan-9\\vendor\\laravel\\framework\\src\\Illuminate\\Foundation\\Http\\Middleware\\TransformsRequest.php(21): Illuminate\\Pipeline\\Pipeline->Illuminate\\Pipeline\\{closure}(Object(Illuminate\\Http\\Request))
#52 C:\\Users\\user\\perpustakaan-9\\vendor\\laravel\\framework\\src\\Illuminate\\Foundation\\Http\\Middleware\\ConvertEmptyStringsToNull.php(31): Illuminate\\Foundation\\Http\\Middleware\\TransformsRequest->handle(Object(Illuminate\\Http\\Request), Object(Closure))
#53 C:\\Users\\user\\perpustakaan-9\\vendor\\laravel\\framework\\src\\Illuminate\\Pipeline\\Pipeline.php(180): Illuminate\\Foundation\\Http\\Middleware\\ConvertEmptyStringsToNull->handle(Object(Illuminate\\Http\\Request), Object(Closure))
#54 C:\\Users\\user\\perpustakaan-9\\vendor\\laravel\\framework\\src\\Illuminate\\Foundation\\Http\\Middleware\\TransformsRequest.php(21): Illuminate\\Pipeline\\Pipeline->Illuminate\\Pipeline\\{closure}(Object(Illuminate\\Http\\Request))
#55 C:\\Users\\user\\perpustakaan-9\\vendor\\laravel\\framework\\src\\Illuminate\\Foundation\\Http\\Middleware\\TrimStrings.php(40): Illuminate\\Foundation\\Http\\Middleware\\TransformsRequest->handle(Object(Illuminate\\Http\\Request), Object(Closure))
#56 C:\\Users\\user\\perpustakaan-9\\vendor\\laravel\\framework\\src\\Illuminate\\Pipeline\\Pipeline.php(180): Illuminate\\Foundation\\Http\\Middleware\\TrimStrings->handle(Object(Illuminate\\Http\\Request), Object(Closure))
#57 C:\\Users\\user\\perpustakaan-9\\vendor\\laravel\\framework\\src\\Illuminate\\Foundation\\Http\\Middleware\\ValidatePostSize.php(27): Illuminate\\Pipeline\\Pipeline->Illuminate\\Pipeline\\{closure}(Object(Illuminate\\Http\\Request))
#58 C:\\Users\\user\\perpustakaan-9\\vendor\\laravel\\framework\\src\\Illuminate\\Pipeline\\Pipeline.php(180): Illuminate\\Foundation\\Http\\Middleware\\ValidatePostSize->handle(Object(Illuminate\\Http\\Request), Object(Closure))
#59 C:\\Users\\user\\perpustakaan-9\\vendor\\laravel\\framework\\src\\Illuminate\\Foundation\\Http\\Middleware\\PreventRequestsDuringMaintenance.php(86): Illuminate\\Pipeline\\Pipeline->Illuminate\\Pipeline\\{closure}(Object(Illuminate\\Http\\Request))
#60 C:\\Users\\user\\perpustakaan-9\\vendor\\laravel\\framework\\src\\Illuminate\\Pipeline\\Pipeline.php(180): Illuminate\\Foundation\\Http\\Middleware\\PreventRequestsDuringMaintenance->handle(Object(Illuminate\\Http\\Request), Object(Closure))
#61 C:\\Users\\user\\perpustakaan-9\\vendor\\fruitcake\\laravel-cors\\src\\HandleCors.php(38): Illuminate\\Pipeline\\Pipeline->Illuminate\\Pipeline\\{closure}(Object(Illuminate\\Http\\Request))
#62 C:\\Users\\user\\perpustakaan-9\\vendor\\laravel\\framework\\src\\Illuminate\\Pipeline\\Pipeline.php(180): Fruitcake\\Cors\\HandleCors->handle(Object(Illuminate\\Http\\Request), Object(Closure))
#63 C:\\Users\\user\\perpustakaan-9\\vendor\\laravel\\framework\\src\\Illuminate\\Http\\Middleware\\TrustProxies.php(39): Illuminate\\Pipeline\\Pipeline->Illuminate\\Pipeline\\{closure}(Object(Illuminate\\Http\\Request))
#64 C:\\Users\\user\\perpustakaan-9\\vendor\\laravel\\framework\\src\\Illuminate\\Pipeline\\Pipeline.php(180): Illuminate\\Http\\Middleware\\TrustProxies->handle(Object(Illuminate\\Http\\Request), Object(Closure))
#65 C:\\Users\\user\\perpustakaan-9\\vendor\\laravel\\framework\\src\\Illuminate\\Pipeline\\Pipeline.php(116): Illuminate\\Pipeline\\Pipeline->Illuminate\\Pipeline\\{closure}(Object(Illuminate\\Http\\Request))
#66 C:\\Users\\user\\perpustakaan-9\\vendor\\laravel\\framework\\src\\Illuminate\\Foundation\\Http\\Kernel.php(165): Illuminate\\Pipeline\\Pipeline->then(Object(Closure))
#67 C:\\Users\\user\\perpustakaan-9\\vendor\\laravel\\framework\\src\\Illuminate\\Foundation\\Http\\Kernel.php(134): Illuminate\\Foundation\\Http\\Kernel->sendRequestThroughRouter(Object(Illuminate\\Http\\Request))
#68 C:\\Users\\user\\perpustakaan-9\\public\\index.php(52): Illuminate\\Foundation\\Http\\Kernel->handle(Object(Illuminate\\Http\\Request))
#69 C:\\Users\\user\\perpustakaan-9\\vendor\\laravel\\framework\\src\\Illuminate\\Foundation\\resources\\server.php(16): require_once('C:\\\\Users\\\\user\\\\p...')
#70 {main}

[previous exception] [object] (Symfony\\Component\\Routing\\Exception\\RouteNotFoundException(code: 0): Route [buku.index] not defined. at C:\\Users\\user\\perpustakaan-9\\vendor\\laravel\\framework\\src\\Illuminate\\Routing\\UrlGenerator.php:467)
[stacktrace]
#0 C:\\Users\\user\\perpustakaan-9\\vendor\\laravel\\framework\\src\\Illuminate\\Foundation\\helpers.php(826): Illuminate\\Routing\\UrlGenerator->route('buku.index', Array, true)
#1 C:\\Users\\user\\perpustakaan-9\\storage\\framework\\views\\7da92fcaaa93a95fd5fa6f050d1407592db24460.php(20): route('buku.index')
#2 C:\\Users\\user\\perpustakaan-9\\vendor\\laravel\\framework\\src\\Illuminate\\Filesystem\\Filesystem.php(109): require('C:\\\\Users\\\\user\\\\p...')
#3 C:\\Users\\user\\perpustakaan-9\\vendor\\laravel\\framework\\src\\Illuminate\\Filesystem\\Filesystem.php(110): Illuminate\\Filesystem\\Filesystem::Illuminate\\Filesystem\\{closure}()
#4 C:\\Users\\user\\perpustakaan-9\\vendor\\laravel\\framework\\src\\Illuminate\\View\\Engines\\PhpEngine.php(58): Illuminate\\Filesystem\\Filesystem->getRequire('C:\\\\Users\\\\user\\\\p...', Array)
#5 C:\\Users\\user\\perpustakaan-9\\vendor\\laravel\\framework\\src\\Illuminate\\View\\Engines\\CompilerEngine.php(70): Illuminate\\View\\Engines\\PhpEngine->evaluatePath('C:\\\\Users\\\\user\\\\p...', Array)
#6 C:\\Users\\user\\perpustakaan-9\\vendor\\laravel\\framework\\src\\Illuminate\\View\\View.php(195): Illuminate\\View\\Engines\\CompilerEngine->get('C:\\\\Users\\\\user\\\\p...', Array)
#7 C:\\Users\\user\\perpustakaan-9\\vendor\\laravel\\framework\\src\\Illuminate\\View\\View.php(178): Illuminate\\View\\View->getContents()
#8 C:\\Users\\user\\perpustakaan-9\\vendor\\laravel\\framework\\src\\Illuminate\\View\\View.php(147): Illuminate\\View\\View->renderContents()
#9 C:\\Users\\user\\perpustakaan-9\\storage\\framework\\views\\bc932f2e408ff748201ebd7d84241cc592c21e24.php(43): Illuminate\\View\\View->render()
#10 C:\\Users\\user\\perpustakaan-9\\vendor\\laravel\\framework\\src\\Illuminate\\Filesystem\\Filesystem.php(109): require('C:\\\\Users\\\\user\\\\p...')
#11 C:\\Users\\user\\perpustakaan-9\\vendor\\laravel\\framework\\src\\Illuminate\\Filesystem\\Filesystem.php(110): Illuminate\\Filesystem\\Filesystem::Illuminate\\Filesystem\\{closure}()
#12 C:\\Users\\user\\perpustakaan-9\\vendor\\laravel\\framework\\src\\Illuminate\\View\\Engines\\PhpEngine.php(58): Illuminate\\Filesystem\\Filesystem->getRequire('C:\\\\Users\\\\user\\\\p...', Array)
#13 C:\\Users\\user\\perpustakaan-9\\vendor\\laravel\\framework\\src\\Illuminate\\View\\Engines\\CompilerEngine.php(70): Illuminate\\View\\Engines\\PhpEngine->evaluatePath('C:\\\\Users\\\\user\\\\p...', Array)
#14 C:\\Users\\user\\perpustakaan-9\\vendor\\laravel\\framework\\src\\Illuminate\\View\\View.php(195): Illuminate\\View\\Engines\\CompilerEngine->get('C:\\\\Users\\\\user\\\\p...', Array)
#15 C:\\Users\\user\\perpustakaan-9\\vendor\\laravel\\framework\\src\\Illuminate\\View\\View.php(178): Illuminate\\View\\View->getContents()
#16 C:\\Users\\user\\perpustakaan-9\\vendor\\laravel\\framework\\src\\Illuminate\\View\\View.php(147): Illuminate\\View\\View->renderContents()
#17 C:\\Users\\user\\perpustakaan-9\\storage\\framework\\views\\e44d3acdefc60594e45699385658ff98478f75bd.php(57): Illuminate\\View\\View->render()
#18 C:\\Users\\user\\perpustakaan-9\\vendor\\laravel\\framework\\src\\Illuminate\\Filesystem\\Filesystem.php(109): require('C:\\\\Users\\\\user\\\\p...')
#19 C:\\Users\\user\\perpustakaan-9\\vendor\\laravel\\framework\\src\\Illuminate\\Filesystem\\Filesystem.php(110): Illuminate\\Filesystem\\Filesystem::Illuminate\\Filesystem\\{closure}()
#20 C:\\Users\\user\\perpustakaan-9\\vendor\\laravel\\framework\\src\\Illuminate\\View\\Engines\\PhpEngine.php(58): Illuminate\\Filesystem\\Filesystem->getRequire('C:\\\\Users\\\\user\\\\p...', Array)
#21 C:\\Users\\user\\perpustakaan-9\\vendor\\laravel\\framework\\src\\Illuminate\\View\\Engines\\CompilerEngine.php(70): Illuminate\\View\\Engines\\PhpEngine->evaluatePath('C:\\\\Users\\\\user\\\\p...', Array)
#22 C:\\Users\\user\\perpustakaan-9\\vendor\\laravel\\framework\\src\\Illuminate\\View\\View.php(195): Illuminate\\View\\Engines\\CompilerEngine->get('C:\\\\Users\\\\user\\\\p...', Array)
#23 C:\\Users\\user\\perpustakaan-9\\vendor\\laravel\\framework\\src\\Illuminate\\View\\View.php(178): Illuminate\\View\\View->getContents()
#24 C:\\Users\\user\\perpustakaan-9\\vendor\\laravel\\framework\\src\\Illuminate\\View\\View.php(147): Illuminate\\View\\View->renderContents()
#25 C:\\Users\\user\\perpustakaan-9\\vendor\\laravel\\framework\\src\\Illuminate\\Http\\Response.php(69): Illuminate\\View\\View->render()
#26 C:\\Users\\user\\perpustakaan-9\\vendor\\laravel\\framework\\src\\Illuminate\\Http\\Response.php(35): Illuminate\\Http\\Response->setContent(Object(Illuminate\\View\\View))
#27 C:\\Users\\user\\perpustakaan-9\\vendor\\laravel\\framework\\src\\Illuminate\\Routing\\Router.php(906): Illuminate\\Http\\Response->__construct(Object(Illuminate\\View\\View), 200, Array)
#28 C:\\Users\\user\\perpustakaan-9\\vendor\\laravel\\framework\\src\\Illuminate\\Routing\\Router.php(875): Illuminate\\Routing\\Router::toResponse(Object(Illuminate\\Http\\Request), Object(Illuminate\\View\\View))
#29 C:\\Users\\user\\perpustakaan-9\\vendor\\laravel\\framework\\src\\Illuminate\\Routing\\Router.php(798): Illuminate\\Routing\\Router->prepareResponse(Object(Illuminate\\Http\\Request), Object(Illuminate\\View\\View))
#30 C:\\Users\\user\\perpustakaan-9\\vendor\\laravel\\framework\\src\\Illuminate\\Pipeline\\Pipeline.php(141): Illuminate\\Routing\\Router->Illuminate\\Routing\\{closure}(Object(Illuminate\\Http\\Request))
#31 C:\\Users\\user\\perpustakaan-9\\vendor\\laravel\\framework\\src\\Illuminate\\Routing\\Middleware\\SubstituteBindings.php(50): Illuminate\\Pipeline\\Pipeline->Illuminate\\Pipeline\\{closure}(Object(Illuminate\\Http\\Request))
#32 C:\\Users\\user\\perpustakaan-9\\vendor\\laravel\\framework\\src\\Illuminate\\Pipeline\\Pipeline.php(180): Illuminate\\Routing\\Middleware\\SubstituteBindings->handle(Object(Illuminate\\Http\\Request), Object(Closure))
#33 C:\\Users\\user\\perpustakaan-9\\vendor\\laravel\\framework\\src\\Illuminate\\Foundation\\Http\\Middleware\\VerifyCsrfToken.php(78): Illuminate\\Pipeline\\Pipeline->Illuminate\\Pipeline\\{closure}(Object(Illuminate\\Http\\Request))
#34 C:\\Users\\user\\perpustakaan-9\\vendor\\laravel\\framework\\src\\Illuminate\\Pipeline\\Pipeline.php(180): Illuminate\\Foundation\\Http\\Middleware\\VerifyCsrfToken->handle(Object(Illuminate\\Http\\Request), Object(Closure))
#35 C:\\Users\\user\\perpustakaan-9\\vendor\\laravel\\framework\\src\\Illuminate\\View\\Middleware\\ShareErrorsFromSession.php(49): Illuminate\\Pipeline\\Pipeline->Illuminate\\Pipeline\\{closure}(Object(Illuminate\\Http\\Request))
#36 C:\\Users\\user\\perpustakaan-9\\vendor\\laravel\\framework\\src\\Illuminate\\Pipeline\\Pipeline.php(180): Illuminate\\View\\Middleware\\ShareErrorsFromSession->handle(Object(Illuminate\\Http\\Request), Object(Closure))
#37 C:\\Users\\user\\perpustakaan-9\\vendor\\laravel\\framework\\src\\Illuminate\\Session\\Middleware\\StartSession.php(121): Illuminate\\Pipeline\\Pipeline->Illuminate\\Pipeline\\{closure}(Object(Illuminate\\Http\\Request))
#38 C:\\Users\\user\\perpustakaan-9\\vendor\\laravel\\framework\\src\\Illuminate\\Session\\Middleware\\StartSession.php(64): Illuminate\\Session\\Middleware\\StartSession->handleStatefulRequest(Object(Illuminate\\Http\\Request), Object(Illuminate\\Session\\Store), Object(Closure))
#39 C:\\Users\\user\\perpustakaan-9\\vendor\\laravel\\framework\\src\\Illuminate\\Pipeline\\Pipeline.php(180): Illuminate\\Session\\Middleware\\StartSession->handle(Object(Illuminate\\Http\\Request), Object(Closure))
#40 C:\\Users\\user\\perpustakaan-9\\vendor\\laravel\\framework\\src\\Illuminate\\Cookie\\Middleware\\AddQueuedCookiesToResponse.php(37): Illuminate\\Pipeline\\Pipeline->Illuminate\\Pipeline\\{closure}(Object(Illuminate\\Http\\Request))
#41 C:\\Users\\user\\perpustakaan-9\\vendor\\laravel\\framework\\src\\Illuminate\\Pipeline\\Pipeline.php(180): Illuminate\\Cookie\\Middleware\\AddQueuedCookiesToResponse->handle(Object(Illuminate\\Http\\Request), Object(Closure))
#42 C:\\Users\\user\\perpustakaan-9\\vendor\\laravel\\framework\\src\\Illuminate\\Cookie\\Middleware\\EncryptCookies.php(67): Illuminate\\Pipeline\\Pipeline->Illuminate\\Pipeline\\{closure}(Object(Illuminate\\Http\\Request))
#43 C:\\Users\\user\\perpustakaan-9\\vendor\\laravel\\framework\\src\\Illuminate\\Pipeline\\Pipeline.php(180): Illuminate\\Cookie\\Middleware\\EncryptCookies->handle(Object(Illuminate\\Http\\Request), Object(Closure))
#44 C:\\Users\\user\\perpustakaan-9\\vendor\\laravel\\framework\\src\\Illuminate\\Pipeline\\Pipeline.php(116): Illuminate\\Pipeline\\Pipeline->Illuminate\\Pipeline\\{closure}(Object(Illuminate\\Http\\Request))
#45 C:\\Users\\user\\perpustakaan-9\\vendor\\laravel\\framework\\src\\Illuminate\\Routing\\Router.php(799): Illuminate\\Pipeline\\Pipeline->then(Object(Closure))
#46 C:\\Users\\user\\perpustakaan-9\\vendor\\laravel\\framework\\src\\Illuminate\\Routing\\Router.php(776): Illuminate\\Routing\\Router->runRouteWithinStack(Object(Illuminate\\Routing\\Route), Object(Illuminate\\Http\\Request))
#47 C:\\Users\\user\\perpustakaan-9\\vendor\\laravel\\framework\\src\\Illuminate\\Routing\\Router.php(740): Illuminate\\Routing\\Router->runRoute(Object(Illuminate\\Http\\Request), Object(Illuminate\\Routing\\Route))
#48 C:\\Users\\user\\perpustakaan-9\\vendor\\laravel\\framework\\src\\Illuminate\\Routing\\Router.php(729): Illuminate\\Routing\\Router->dispatchToRoute(Object(Illuminate\\Http\\Request))
#49 C:\\Users\\user\\perpustakaan-9\\vendor\\laravel\\framework\\src\\Illuminate\\Foundation\\Http\\Kernel.php(190): Illuminate\\Routing\\Router->dispatch(Object(Illuminate\\Http\\Request))
#50 C:\\Users\\user\\perpustakaan-9\\vendor\\laravel\\framework\\src\\Illuminate\\Pipeline\\Pipeline.php(141): Illuminate\\Foundation\\Http\\Kernel->Illuminate\\Foundation\\Http\\{closure}(Object(Illuminate\\Http\\Request))
#51 C:\\Users\\user\\perpustakaan-9\\vendor\\laravel\\framework\\src\\Illuminate\\Foundation\\Http\\Middleware\\TransformsRequest.php(21): Illuminate\\Pipeline\\Pipeline->Illuminate\\Pipeline\\{closure}(Object(Illuminate\\Http\\Request))
#52 C:\\Users\\user\\perpustakaan-9\\vendor\\laravel\\framework\\src\\Illuminate\\Foundation\\Http\\Middleware\\ConvertEmptyStringsToNull.php(31): Illuminate\\Foundation\\Http\\Middleware\\TransformsRequest->handle(Object(Illuminate\\Http\\Request), Object(Closure))
#53 C:\\Users\\user\\perpustakaan-9\\vendor\\laravel\\framework\\src\\Illuminate\\Pipeline\\Pipeline.php(180): Illuminate\\Foundation\\Http\\Middleware\\ConvertEmptyStringsToNull->handle(Object(Illuminate\\Http\\Request), Object(Closure))
#54 C:\\Users\\user\\perpustakaan-9\\vendor\\laravel\\framework\\src\\Illuminate\\Foundation\\Http\\Middleware\\TransformsRequest.php(21): Illuminate\\Pipeline\\Pipeline->Illuminate\\Pipeline\\{closure}(Object(Illuminate\\Http\\Request))
#55 C:\\Users\\user\\perpustakaan-9\\vendor\\laravel\\framework\\src\\Illuminate\\Foundation\\Http\\Middleware\\TrimStrings.php(40): Illuminate\\Foundation\\Http\\Middleware\\TransformsRequest->handle(Object(Illuminate\\Http\\Request), Object(Closure))
#56 C:\\Users\\user\\perpustakaan-9\\vendor\\laravel\\framework\\src\\Illuminate\\Pipeline\\Pipeline.php(180): Illuminate\\Foundation\\Http\\Middleware\\TrimStrings->handle(Object(Illuminate\\Http\\Request), Object(Closure))
#57 C:\\Users\\user\\perpustakaan-9\\vendor\\laravel\\framework\\src\\Illuminate\\Foundation\\Http\\Middleware\\ValidatePostSize.php(27): Illuminate\\Pipeline\\Pipeline->Illuminate\\Pipeline\\{closure}(Object(Illuminate\\Http\\Request))
#58 C:\\Users\\user\\perpustakaan-9\\vendor\\laravel\\framework\\src\\Illuminate\\Pipeline\\Pipeline.php(180): Illuminate\\Foundation\\Http\\Middleware\\ValidatePostSize->handle(Object(Illuminate\\Http\\Request), Object(Closure))
#59 C:\\Users\\user\\perpustakaan-9\\vendor\\laravel\\framework\\src\\Illuminate\\Foundation\\Http\\Middleware\\PreventRequestsDuringMaintenance.php(86): Illuminate\\Pipeline\\Pipeline->Illuminate\\Pipeline\\{closure}(Object(Illuminate\\Http\\Request))
#60 C:\\Users\\user\\perpustakaan-9\\vendor\\laravel\\framework\\src\\Illuminate\\Pipeline\\Pipeline.php(180): Illuminate\\Foundation\\Http\\Middleware\\PreventRequestsDuringMaintenance->handle(Object(Illuminate\\Http\\Request), Object(Closure))
#61 C:\\Users\\user\\perpustakaan-9\\vendor\\fruitcake\\laravel-cors\\src\\HandleCors.php(38): Illuminate\\Pipeline\\Pipeline->Illuminate\\Pipeline\\{closure}(Object(Illuminate\\Http\\Request))
#62 C:\\Users\\user\\perpustakaan-9\\vendor\\laravel\\framework\\src\\Illuminate\\Pipeline\\Pipeline.php(180): Fruitcake\\Cors\\HandleCors->handle(Object(Illuminate\\Http\\Request), Object(Closure))
#63 C:\\Users\\user\\perpustakaan-9\\vendor\\laravel\\framework\\src\\Illuminate\\Http\\Middleware\\TrustProxies.php(39): Illuminate\\Pipeline\\Pipeline->Illuminate\\Pipeline\\{closure}(Object(Illuminate\\Http\\Request))
#64 C:\\Users\\user\\perpustakaan-9\\vendor\\laravel\\framework\\src\\Illuminate\\Pipeline\\Pipeline.php(180): Illuminate\\Http\\Middleware\\TrustProxies->handle(Object(Illuminate\\Http\\Request), Object(Closure))
#65 C:\\Users\\user\\perpustakaan-9\\vendor\\laravel\\framework\\src\\Illuminate\\Pipeline\\Pipeline.php(116): Illuminate\\Pipeline\\Pipeline->Illuminate\\Pipeline\\{closure}(Object(Illuminate\\Http\\Request))
#66 C:\\Users\\user\\perpustakaan-9\\vendor\\laravel\\framework\\src\\Illuminate\\Foundation\\Http\\Kernel.php(165): Illuminate\\Pipeline\\Pipeline->then(Object(Closure))
#67 C:\\Users\\user\\perpustakaan-9\\vendor\\laravel\\framework\\src\\Illuminate\\Foundation\\Http\\Kernel.php(134): Illuminate\\Foundation\\Http\\Kernel->sendRequestThroughRouter(Object(Illuminate\\Http\\Request))
#68 C:\\Users\\user\\perpustakaan-9\\public\\index.php(52): Illuminate\\Foundation\\Http\\Kernel->handle(Object(Illuminate\\Http\\Request))
#69 C:\\Users\\user\\perpustakaan-9\\vendor\\laravel\\framework\\src\\Illuminate\\Foundation\\resources\\server.php(16): require_once('C:\\\\Users\\\\user\\\\p...')
#70 {main}
"} 
[2026-06-02 13:56:52] local.ERROR: Route [anggota.index] not defined. {"exception":"[object] (Spatie\\LaravelIgnition\\Exceptions\\ViewException(code: 0): Route [anggota.index] not defined. at C:\\Users\\user\\perpustakaan-9\\vendor\\laravel\\framework\\src\\Illuminate\\Routing\\UrlGenerator.php:467)
[stacktrace]
#0 C:\\Users\\user\\perpustakaan-9\\vendor\\laravel\\framework\\src\\Illuminate\\Foundation\\helpers.php(826): Illuminate\\Routing\\UrlGenerator->route('anggota.index', Array, true)
#1 C:\\Users\\user\\perpustakaan-9\\resources\\views\\layouts\\navbar.blade.php(25): route('anggota.index')
#2 C:\\Users\\user\\perpustakaan-9\\vendor\\laravel\\framework\\src\\Illuminate\\Filesystem\\Filesystem.php(109): require('C:\\\\Users\\\\user\\\\p...')
#3 C:\\Users\\user\\perpustakaan-9\\vendor\\laravel\\framework\\src\\Illuminate\\Filesystem\\Filesystem.php(110): Illuminate\\Filesystem\\Filesystem::Illuminate\\Filesystem\\{closure}()
#4 C:\\Users\\user\\perpustakaan-9\\vendor\\laravel\\framework\\src\\Illuminate\\View\\Engines\\PhpEngine.php(58): Illuminate\\Filesystem\\Filesystem->getRequire('C:\\\\Users\\\\user\\\\p...', Array)
#5 C:\\Users\\user\\perpustakaan-9\\vendor\\laravel\\framework\\src\\Illuminate\\View\\Engines\\CompilerEngine.php(70): Illuminate\\View\\Engines\\PhpEngine->evaluatePath('C:\\\\Users\\\\user\\\\p...', Array)
#6 C:\\Users\\user\\perpustakaan-9\\vendor\\laravel\\framework\\src\\Illuminate\\View\\View.php(195): Illuminate\\View\\Engines\\CompilerEngine->get('C:\\\\Users\\\\user\\\\p...', Array)
#7 C:\\Users\\user\\perpustakaan-9\\vendor\\laravel\\framework\\src\\Illuminate\\View\\View.php(178): Illuminate\\View\\View->getContents()
#8 C:\\Users\\user\\perpustakaan-9\\vendor\\laravel\\framework\\src\\Illuminate\\View\\View.php(147): Illuminate\\View\\View->renderContents()
#9 C:\\Users\\user\\perpustakaan-9\\resources\\views\\layouts\\app.blade.php(43): Illuminate\\View\\View->render()
#10 C:\\Users\\user\\perpustakaan-9\\vendor\\laravel\\framework\\src\\Illuminate\\Filesystem\\Filesystem.php(109): require('C:\\\\Users\\\\user\\\\p...')
#11 C:\\Users\\user\\perpustakaan-9\\vendor\\laravel\\framework\\src\\Illuminate\\Filesystem\\Filesystem.php(110): Illuminate\\Filesystem\\Filesystem::Illuminate\\Filesystem\\{closure}()
#12 C:\\Users\\user\\perpustakaan-9\\vendor\\laravel\\framework\\src\\Illuminate\\View\\Engines\\PhpEngine.php(58): Illuminate\\Filesystem\\Filesystem->getRequire('C:\\\\Users\\\\user\\\\p...', Array)
#13 C:\\Users\\user\\perpustakaan-9\\vendor\\laravel\\framework\\src\\Illuminate\\View\\Engines\\CompilerEngine.php(70): Illuminate\\View\\Engines\\PhpEngine->evaluatePath('C:\\\\Users\\\\user\\\\p...', Array)
#14 C:\\Users\\user\\perpustakaan-9\\vendor\\laravel\\framework\\src\\Illuminate\\View\\View.php(195): Illuminate\\View\\Engines\\CompilerEngine->get('C:\\\\Users\\\\user\\\\p...', Array)
#15 C:\\Users\\user\\perpustakaan-9\\vendor\\laravel\\framework\\src\\Illuminate\\View\\View.php(178): Illuminate\\View\\View->getContents()
#16 C:\\Users\\user\\perpustakaan-9\\vendor\\laravel\\framework\\src\\Illuminate\\View\\View.php(147): Illuminate\\View\\View->renderContents()
#17 C:\\Users\\user\\perpustakaan-9\\resources\\views\\home.blade.php(56): Illuminate\\View\\View->render()
#18 C:\\Users\\user\\perpustakaan-9\\vendor\\laravel\\framework\\src\\Illuminate\\Filesystem\\Filesystem.php(109): require('C:\\\\Users\\\\user\\\\p...')
#19 C:\\Users\\user\\perpustakaan-9\\vendor\\laravel\\framework\\src\\Illuminate\\Filesystem\\Filesystem.php(110): Illuminate\\Filesystem\\Filesystem::Illuminate\\Filesystem\\{closure}()
#20 C:\\Users\\user\\perpustakaan-9\\vendor\\laravel\\framework\\src\\Illuminate\\View\\Engines\\PhpEngine.php(58): Illuminate\\Filesystem\\Filesystem->getRequire('C:\\\\Users\\\\user\\\\p...', Array)
#21 C:\\Users\\user\\perpustakaan-9\\vendor\\laravel\\framework\\src\\Illuminate\\View\\Engines\\CompilerEngine.php(70): Illuminate\\View\\Engines\\PhpEngine->evaluatePath('C:\\\\Users\\\\user\\\\p...', Array)
#22 C:\\Users\\user\\perpustakaan-9\\vendor\\laravel\\framework\\src\\Illuminate\\View\\View.php(195): Illuminate\\View\\Engines\\CompilerEngine->get('C:\\\\Users\\\\user\\\\p...', Array)
#23 C:\\Users\\user\\perpustakaan-9\\vendor\\laravel\\framework\\src\\Illuminate\\View\\View.php(178): Illuminate\\View\\View->getContents()
#24 C:\\Users\\user\\perpustakaan-9\\vendor\\laravel\\framework\\src\\Illuminate\\View\\View.php(147): Illuminate\\View\\View->renderContents()
#25 C:\\Users\\user\\perpustakaan-9\\vendor\\laravel\\framework\\src\\Illuminate\\Http\\Response.php(69): Illuminate\\View\\View->render()
#26 C:\\Users\\user\\perpustakaan-9\\vendor\\laravel\\framework\\src\\Illuminate\\Http\\Response.php(35): Illuminate\\Http\\Response->setContent(Object(Illuminate\\View\\View))
#27 C:\\Users\\user\\perpustakaan-9\\vendor\\laravel\\framework\\src\\Illuminate\\Routing\\Router.php(906): Illuminate\\Http\\Response->__construct(Object(Illuminate\\View\\View), 200, Array)
#28 C:\\Users\\user\\perpustakaan-9\\vendor\\laravel\\framework\\src\\Illuminate\\Routing\\Router.php(875): Illuminate\\Routing\\Router::toResponse(Object(Illuminate\\Http\\Request), Object(Illuminate\\View\\View))
#29 C:\\Users\\user\\perpustakaan-9\\vendor\\laravel\\framework\\src\\Illuminate\\Routing\\Router.php(798): Illuminate\\Routing\\Router->prepareResponse(Object(Illuminate\\Http\\Request), Object(Illuminate\\View\\View))
#30 C:\\Users\\user\\perpustakaan-9\\vendor\\laravel\\framework\\src\\Illuminate\\Pipeline\\Pipeline.php(141): Illuminate\\Routing\\Router->Illuminate\\Routing\\{closure}(Object(Illuminate\\Http\\Request))
#31 C:\\Users\\user\\perpustakaan-9\\vendor\\laravel\\framework\\src\\Illuminate\\Routing\\Middleware\\SubstituteBindings.php(50): Illuminate\\Pipeline\\Pipeline->Illuminate\\Pipeline\\{closure}(Object(Illuminate\\Http\\Request))
#32 C:\\Users\\user\\perpustakaan-9\\vendor\\laravel\\framework\\src\\Illuminate\\Pipeline\\Pipeline.php(180): Illuminate\\Routing\\Middleware\\SubstituteBindings->handle(Object(Illuminate\\Http\\Request), Object(Closure))
#33 C:\\Users\\user\\perpustakaan-9\\vendor\\laravel\\framework\\src\\Illuminate\\Foundation\\Http\\Middleware\\VerifyCsrfToken.php(78): Illuminate\\Pipeline\\Pipeline->Illuminate\\Pipeline\\{closure}(Object(Illuminate\\Http\\Request))
#34 C:\\Users\\user\\perpustakaan-9\\vendor\\laravel\\framework\\src\\Illuminate\\Pipeline\\Pipeline.php(180): Illuminate\\Foundation\\Http\\Middleware\\VerifyCsrfToken->handle(Object(Illuminate\\Http\\Request), Object(Closure))
#35 C:\\Users\\user\\perpustakaan-9\\vendor\\laravel\\framework\\src\\Illuminate\\View\\Middleware\\ShareErrorsFromSession.php(49): Illuminate\\Pipeline\\Pipeline->Illuminate\\Pipeline\\{closure}(Object(Illuminate\\Http\\Request))
#36 C:\\Users\\user\\perpustakaan-9\\vendor\\laravel\\framework\\src\\Illuminate\\Pipeline\\Pipeline.php(180): Illuminate\\View\\Middleware\\ShareErrorsFromSession->handle(Object(Illuminate\\Http\\Request), Object(Closure))
#37 C:\\Users\\user\\perpustakaan-9\\vendor\\laravel\\framework\\src\\Illuminate\\Session\\Middleware\\StartSession.php(121): Illuminate\\Pipeline\\Pipeline->Illuminate\\Pipeline\\{closure}(Object(Illuminate\\Http\\Request))
#38 C:\\Users\\user\\perpustakaan-9\\vendor\\laravel\\framework\\src\\Illuminate\\Session\\Middleware\\StartSession.php(64): Illuminate\\Session\\Middleware\\StartSession->handleStatefulRequest(Object(Illuminate\\Http\\Request), Object(Illuminate\\Session\\Store), Object(Closure))
#39 C:\\Users\\user\\perpustakaan-9\\vendor\\laravel\\framework\\src\\Illuminate\\Pipeline\\Pipeline.php(180): Illuminate\\Session\\Middleware\\StartSession->handle(Object(Illuminate\\Http\\Request), Object(Closure))
#40 C:\\Users\\user\\perpustakaan-9\\vendor\\laravel\\framework\\src\\Illuminate\\Cookie\\Middleware\\AddQueuedCookiesToResponse.php(37): Illuminate\\Pipeline\\Pipeline->Illuminate\\Pipeline\\{closure}(Object(Illuminate\\Http\\Request))
#41 C:\\Users\\user\\perpustakaan-9\\vendor\\laravel\\framework\\src\\Illuminate\\Pipeline\\Pipeline.php(180): Illuminate\\Cookie\\Middleware\\AddQueuedCookiesToResponse->handle(Object(Illuminate\\Http\\Request), Object(Closure))
#42 C:\\Users\\user\\perpustakaan-9\\vendor\\laravel\\framework\\src\\Illuminate\\Cookie\\Middleware\\EncryptCookies.php(67): Illuminate\\Pipeline\\Pipeline->Illuminate\\Pipeline\\{closure}(Object(Illuminate\\Http\\Request))
#43 C:\\Users\\user\\perpustakaan-9\\vendor\\laravel\\framework\\src\\Illuminate\\Pipeline\\Pipeline.php(180): Illuminate\\Cookie\\Middleware\\EncryptCookies->handle(Object(Illuminate\\Http\\Request), Object(Closure))
#44 C:\\Users\\user\\perpustakaan-9\\vendor\\laravel\\framework\\src\\Illuminate\\Pipeline\\Pipeline.php(116): Illuminate\\Pipeline\\Pipeline->Illuminate\\Pipeline\\{closure}(Object(Illuminate\\Http\\Request))
#45 C:\\Users\\user\\perpustakaan-9\\vendor\\laravel\\framework\\src\\Illuminate\\Routing\\Router.php(799): Illuminate\\Pipeline\\Pipeline->then(Object(Closure))
#46 C:\\Users\\user\\perpustakaan-9\\vendor\\laravel\\framework\\src\\Illuminate\\Routing\\Router.php(776): Illuminate\\Routing\\Router->runRouteWithinStack(Object(Illuminate\\Routing\\Route), Object(Illuminate\\Http\\Request))
#47 C:\\Users\\user\\perpustakaan-9\\vendor\\laravel\\framework\\src\\Illuminate\\Routing\\Router.php(740): Illuminate\\Routing\\Router->runRoute(Object(Illuminate\\Http\\Request), Object(Illuminate\\Routing\\Route))
#48 C:\\Users\\user\\perpustakaan-9\\vendor\\laravel\\framework\\src\\Illuminate\\Routing\\Router.php(729): Illuminate\\Routing\\Router->dispatchToRoute(Object(Illuminate\\Http\\Request))
#49 C:\\Users\\user\\perpustakaan-9\\vendor\\laravel\\framework\\src\\Illuminate\\Foundation\\Http\\Kernel.php(190): Illuminate\\Routing\\Router->dispatch(Object(Illuminate\\Http\\Request))
#50 C:\\Users\\user\\perpustakaan-9\\vendor\\laravel\\framework\\src\\Illuminate\\Pipeline\\Pipeline.php(141): Illuminate\\Foundation\\Http\\Kernel->Illuminate\\Foundation\\Http\\{closure}(Object(Illuminate\\Http\\Request))
#51 C:\\Users\\user\\perpustakaan-9\\vendor\\laravel\\framework\\src\\Illuminate\\Foundation\\Http\\Middleware\\TransformsRequest.php(21): Illuminate\\Pipeline\\Pipeline->Illuminate\\Pipeline\\{closure}(Object(Illuminate\\Http\\Request))
#52 C:\\Users\\user\\perpustakaan-9\\vendor\\laravel\\framework\\src\\Illuminate\\Foundation\\Http\\Middleware\\ConvertEmptyStringsToNull.php(31): Illuminate\\Foundation\\Http\\Middleware\\TransformsRequest->handle(Object(Illuminate\\Http\\Request), Object(Closure))
#53 C:\\Users\\user\\perpustakaan-9\\vendor\\laravel\\framework\\src\\Illuminate\\Pipeline\\Pipeline.php(180): Illuminate\\Foundation\\Http\\Middleware\\ConvertEmptyStringsToNull->handle(Object(Illuminate\\Http\\Request), Object(Closure))
#54 C:\\Users\\user\\perpustakaan-9\\vendor\\laravel\\framework\\src\\Illuminate\\Foundation\\Http\\Middleware\\TransformsRequest.php(21): Illuminate\\Pipeline\\Pipeline->Illuminate\\Pipeline\\{closure}(Object(Illuminate\\Http\\Request))
#55 C:\\Users\\user\\perpustakaan-9\\vendor\\laravel\\framework\\src\\Illuminate\\Foundation\\Http\\Middleware\\TrimStrings.php(40): Illuminate\\Foundation\\Http\\Middleware\\TransformsRequest->handle(Object(Illuminate\\Http\\Request), Object(Closure))
#56 C:\\Users\\user\\perpustakaan-9\\vendor\\laravel\\framework\\src\\Illuminate\\Pipeline\\Pipeline.php(180): Illuminate\\Foundation\\Http\\Middleware\\TrimStrings->handle(Object(Illuminate\\Http\\Request), Object(Closure))
#57 C:\\Users\\user\\perpustakaan-9\\vendor\\laravel\\framework\\src\\Illuminate\\Foundation\\Http\\Middleware\\ValidatePostSize.php(27): Illuminate\\Pipeline\\Pipeline->Illuminate\\Pipeline\\{closure}(Object(Illuminate\\Http\\Request))
#58 C:\\Users\\user\\perpustakaan-9\\vendor\\laravel\\framework\\src\\Illuminate\\Pipeline\\Pipeline.php(180): Illuminate\\Foundation\\Http\\Middleware\\ValidatePostSize->handle(Object(Illuminate\\Http\\Request), Object(Closure))
#59 C:\\Users\\user\\perpustakaan-9\\vendor\\laravel\\framework\\src\\Illuminate\\Foundation\\Http\\Middleware\\PreventRequestsDuringMaintenance.php(86): Illuminate\\Pipeline\\Pipeline->Illuminate\\Pipeline\\{closure}(Object(Illuminate\\Http\\Request))
#60 C:\\Users\\user\\perpustakaan-9\\vendor\\laravel\\framework\\src\\Illuminate\\Pipeline\\Pipeline.php(180): Illuminate\\Foundation\\Http\\Middleware\\PreventRequestsDuringMaintenance->handle(Object(Illuminate\\Http\\Request), Object(Closure))
#61 C:\\Users\\user\\perpustakaan-9\\vendor\\fruitcake\\laravel-cors\\src\\HandleCors.php(38): Illuminate\\Pipeline\\Pipeline->Illuminate\\Pipeline\\{closure}(Object(Illuminate\\Http\\Request))
#62 C:\\Users\\user\\perpustakaan-9\\vendor\\laravel\\framework\\src\\Illuminate\\Pipeline\\Pipeline.php(180): Fruitcake\\Cors\\HandleCors->handle(Object(Illuminate\\Http\\Request), Object(Closure))
#63 C:\\Users\\user\\perpustakaan-9\\vendor\\laravel\\framework\\src\\Illuminate\\Http\\Middleware\\TrustProxies.php(39): Illuminate\\Pipeline\\Pipeline->Illuminate\\Pipeline\\{closure}(Object(Illuminate\\Http\\Request))
#64 C:\\Users\\user\\perpustakaan-9\\vendor\\laravel\\framework\\src\\Illuminate\\Pipeline\\Pipeline.php(180): Illuminate\\Http\\Middleware\\TrustProxies->handle(Object(Illuminate\\Http\\Request), Object(Closure))
#65 C:\\Users\\user\\perpustakaan-9\\vendor\\laravel\\framework\\src\\Illuminate\\Pipeline\\Pipeline.php(116): Illuminate\\Pipeline\\Pipeline->Illuminate\\Pipeline\\{closure}(Object(Illuminate\\Http\\Request))
#66 C:\\Users\\user\\perpustakaan-9\\vendor\\laravel\\framework\\src\\Illuminate\\Foundation\\Http\\Kernel.php(165): Illuminate\\Pipeline\\Pipeline->then(Object(Closure))
#67 C:\\Users\\user\\perpustakaan-9\\vendor\\laravel\\framework\\src\\Illuminate\\Foundation\\Http\\Kernel.php(134): Illuminate\\Foundation\\Http\\Kernel->sendRequestThroughRouter(Object(Illuminate\\Http\\Request))
#68 C:\\Users\\user\\perpustakaan-9\\public\\index.php(52): Illuminate\\Foundation\\Http\\Kernel->handle(Object(Illuminate\\Http\\Request))
#69 C:\\Users\\user\\perpustakaan-9\\vendor\\laravel\\framework\\src\\Illuminate\\Foundation\\resources\\server.php(16): require_once('C:\\\\Users\\\\user\\\\p...')
#70 {main}

[previous exception] [object] (Symfony\\Component\\Routing\\Exception\\RouteNotFoundException(code: 0): Route [anggota.index] not defined. at C:\\Users\\user\\perpustakaan-9\\vendor\\laravel\\framework\\src\\Illuminate\\Routing\\UrlGenerator.php:467)
[stacktrace]
#0 C:\\Users\\user\\perpustakaan-9\\vendor\\laravel\\framework\\src\\Illuminate\\Foundation\\helpers.php(826): Illuminate\\Routing\\UrlGenerator->route('anggota.index', Array, true)
#1 C:\\Users\\user\\perpustakaan-9\\storage\\framework\\views\\7da92fcaaa93a95fd5fa6f050d1407592db24460.php(25): route('anggota.index')
#2 C:\\Users\\user\\perpustakaan-9\\vendor\\laravel\\framework\\src\\Illuminate\\Filesystem\\Filesystem.php(109): require('C:\\\\Users\\\\user\\\\p...')
#3 C:\\Users\\user\\perpustakaan-9\\vendor\\laravel\\framework\\src\\Illuminate\\Filesystem\\Filesystem.php(110): Illuminate\\Filesystem\\Filesystem::Illuminate\\Filesystem\\{closure}()
#4 C:\\Users\\user\\perpustakaan-9\\vendor\\laravel\\framework\\src\\Illuminate\\View\\Engines\\PhpEngine.php(58): Illuminate\\Filesystem\\Filesystem->getRequire('C:\\\\Users\\\\user\\\\p...', Array)
#5 C:\\Users\\user\\perpustakaan-9\\vendor\\laravel\\framework\\src\\Illuminate\\View\\Engines\\CompilerEngine.php(70): Illuminate\\View\\Engines\\PhpEngine->evaluatePath('C:\\\\Users\\\\user\\\\p...', Array)
#6 C:\\Users\\user\\perpustakaan-9\\vendor\\laravel\\framework\\src\\Illuminate\\View\\View.php(195): Illuminate\\View\\Engines\\CompilerEngine->get('C:\\\\Users\\\\user\\\\p...', Array)
#7 C:\\Users\\user\\perpustakaan-9\\vendor\\laravel\\framework\\src\\Illuminate\\View\\View.php(178): Illuminate\\View\\View->getContents()
#8 C:\\Users\\user\\perpustakaan-9\\vendor\\laravel\\framework\\src\\Illuminate\\View\\View.php(147): Illuminate\\View\\View->renderContents()
#9 C:\\Users\\user\\perpustakaan-9\\storage\\framework\\views\\bc932f2e408ff748201ebd7d84241cc592c21e24.php(43): Illuminate\\View\\View->render()
#10 C:\\Users\\user\\perpustakaan-9\\vendor\\laravel\\framework\\src\\Illuminate\\Filesystem\\Filesystem.php(109): require('C:\\\\Users\\\\user\\\\p...')
#11 C:\\Users\\user\\perpustakaan-9\\vendor\\laravel\\framework\\src\\Illuminate\\Filesystem\\Filesystem.php(110): Illuminate\\Filesystem\\Filesystem::Illuminate\\Filesystem\\{closure}()
#12 C:\\Users\\user\\perpustakaan-9\\vendor\\laravel\\framework\\src\\Illuminate\\View\\Engines\\PhpEngine.php(58): Illuminate\\Filesystem\\Filesystem->getRequire('C:\\\\Users\\\\user\\\\p...', Array)
#13 C:\\Users\\user\\perpustakaan-9\\vendor\\laravel\\framework\\src\\Illuminate\\View\\Engines\\CompilerEngine.php(70): Illuminate\\View\\Engines\\PhpEngine->evaluatePath('C:\\\\Users\\\\user\\\\p...', Array)
#14 C:\\Users\\user\\perpustakaan-9\\vendor\\laravel\\framework\\src\\Illuminate\\View\\View.php(195): Illuminate\\View\\Engines\\CompilerEngine->get('C:\\\\Users\\\\user\\\\p...', Array)
#15 C:\\Users\\user\\perpustakaan-9\\vendor\\laravel\\framework\\src\\Illuminate\\View\\View.php(178): Illuminate\\View\\View->getContents()
#16 C:\\Users\\user\\perpustakaan-9\\vendor\\laravel\\framework\\src\\Illuminate\\View\\View.php(147): Illuminate\\View\\View->renderContents()
#17 C:\\Users\\user\\perpustakaan-9\\storage\\framework\\views\\e44d3acdefc60594e45699385658ff98478f75bd.php(57): Illuminate\\View\\View->render()
#18 C:\\Users\\user\\perpustakaan-9\\vendor\\laravel\\framework\\src\\Illuminate\\Filesystem\\Filesystem.php(109): require('C:\\\\Users\\\\user\\\\p...')
#19 C:\\Users\\user\\perpustakaan-9\\vendor\\laravel\\framework\\src\\Illuminate\\Filesystem\\Filesystem.php(110): Illuminate\\Filesystem\\Filesystem::Illuminate\\Filesystem\\{closure}()
#20 C:\\Users\\user\\perpustakaan-9\\vendor\\laravel\\framework\\src\\Illuminate\\View\\Engines\\PhpEngine.php(58): Illuminate\\Filesystem\\Filesystem->getRequire('C:\\\\Users\\\\user\\\\p...', Array)
#21 C:\\Users\\user\\perpustakaan-9\\vendor\\laravel\\framework\\src\\Illuminate\\View\\Engines\\CompilerEngine.php(70): Illuminate\\View\\Engines\\PhpEngine->evaluatePath('C:\\\\Users\\\\user\\\\p...', Array)
#22 C:\\Users\\user\\perpustakaan-9\\vendor\\laravel\\framework\\src\\Illuminate\\View\\View.php(195): Illuminate\\View\\Engines\\CompilerEngine->get('C:\\\\Users\\\\user\\\\p...', Array)
#23 C:\\Users\\user\\perpustakaan-9\\vendor\\laravel\\framework\\src\\Illuminate\\View\\View.php(178): Illuminate\\View\\View->getContents()
#24 C:\\Users\\user\\perpustakaan-9\\vendor\\laravel\\framework\\src\\Illuminate\\View\\View.php(147): Illuminate\\View\\View->renderContents()
#25 C:\\Users\\user\\perpustakaan-9\\vendor\\laravel\\framework\\src\\Illuminate\\Http\\Response.php(69): Illuminate\\View\\View->render()
#26 C:\\Users\\user\\perpustakaan-9\\vendor\\laravel\\framework\\src\\Illuminate\\Http\\Response.php(35): Illuminate\\Http\\Response->setContent(Object(Illuminate\\View\\View))
#27 C:\\Users\\user\\perpustakaan-9\\vendor\\laravel\\framework\\src\\Illuminate\\Routing\\Router.php(906): Illuminate\\Http\\Response->__construct(Object(Illuminate\\View\\View), 200, Array)
#28 C:\\Users\\user\\perpustakaan-9\\vendor\\laravel\\framework\\src\\Illuminate\\Routing\\Router.php(875): Illuminate\\Routing\\Router::toResponse(Object(Illuminate\\Http\\Request), Object(Illuminate\\View\\View))
#29 C:\\Users\\user\\perpustakaan-9\\vendor\\laravel\\framework\\src\\Illuminate\\Routing\\Router.php(798): Illuminate\\Routing\\Router->prepareResponse(Object(Illuminate\\Http\\Request), Object(Illuminate\\View\\View))
#30 C:\\Users\\user\\perpustakaan-9\\vendor\\laravel\\framework\\src\\Illuminate\\Pipeline\\Pipeline.php(141): Illuminate\\Routing\\Router->Illuminate\\Routing\\{closure}(Object(Illuminate\\Http\\Request))
#31 C:\\Users\\user\\perpustakaan-9\\vendor\\laravel\\framework\\src\\Illuminate\\Routing\\Middleware\\SubstituteBindings.php(50): Illuminate\\Pipeline\\Pipeline->Illuminate\\Pipeline\\{closure}(Object(Illuminate\\Http\\Request))
#32 C:\\Users\\user\\perpustakaan-9\\vendor\\laravel\\framework\\src\\Illuminate\\Pipeline\\Pipeline.php(180): Illuminate\\Routing\\Middleware\\SubstituteBindings->handle(Object(Illuminate\\Http\\Request), Object(Closure))
#33 C:\\Users\\user\\perpustakaan-9\\vendor\\laravel\\framework\\src\\Illuminate\\Foundation\\Http\\Middleware\\VerifyCsrfToken.php(78): Illuminate\\Pipeline\\Pipeline->Illuminate\\Pipeline\\{closure}(Object(Illuminate\\Http\\Request))
#34 C:\\Users\\user\\perpustakaan-9\\vendor\\laravel\\framework\\src\\Illuminate\\Pipeline\\Pipeline.php(180): Illuminate\\Foundation\\Http\\Middleware\\VerifyCsrfToken->handle(Object(Illuminate\\Http\\Request), Object(Closure))
#35 C:\\Users\\user\\perpustakaan-9\\vendor\\laravel\\framework\\src\\Illuminate\\View\\Middleware\\ShareErrorsFromSession.php(49): Illuminate\\Pipeline\\Pipeline->Illuminate\\Pipeline\\{closure}(Object(Illuminate\\Http\\Request))
#36 C:\\Users\\user\\perpustakaan-9\\vendor\\laravel\\framework\\src\\Illuminate\\Pipeline\\Pipeline.php(180): Illuminate\\View\\Middleware\\ShareErrorsFromSession->handle(Object(Illuminate\\Http\\Request), Object(Closure))
#37 C:\\Users\\user\\perpustakaan-9\\vendor\\laravel\\framework\\src\\Illuminate\\Session\\Middleware\\StartSession.php(121): Illuminate\\Pipeline\\Pipeline->Illuminate\\Pipeline\\{closure}(Object(Illuminate\\Http\\Request))
#38 C:\\Users\\user\\perpustakaan-9\\vendor\\laravel\\framework\\src\\Illuminate\\Session\\Middleware\\StartSession.php(64): Illuminate\\Session\\Middleware\\StartSession->handleStatefulRequest(Object(Illuminate\\Http\\Request), Object(Illuminate\\Session\\Store), Object(Closure))
#39 C:\\Users\\user\\perpustakaan-9\\vendor\\laravel\\framework\\src\\Illuminate\\Pipeline\\Pipeline.php(180): Illuminate\\Session\\Middleware\\StartSession->handle(Object(Illuminate\\Http\\Request), Object(Closure))
#40 C:\\Users\\user\\perpustakaan-9\\vendor\\laravel\\framework\\src\\Illuminate\\Cookie\\Middleware\\AddQueuedCookiesToResponse.php(37): Illuminate\\Pipeline\\Pipeline->Illuminate\\Pipeline\\{closure}(Object(Illuminate\\Http\\Request))
#41 C:\\Users\\user\\perpustakaan-9\\vendor\\laravel\\framework\\src\\Illuminate\\Pipeline\\Pipeline.php(180): Illuminate\\Cookie\\Middleware\\AddQueuedCookiesToResponse->handle(Object(Illuminate\\Http\\Request), Object(Closure))
#42 C:\\Users\\user\\perpustakaan-9\\vendor\\laravel\\framework\\src\\Illuminate\\Cookie\\Middleware\\EncryptCookies.php(67): Illuminate\\Pipeline\\Pipeline->Illuminate\\Pipeline\\{closure}(Object(Illuminate\\Http\\Request))
#43 C:\\Users\\user\\perpustakaan-9\\vendor\\laravel\\framework\\src\\Illuminate\\Pipeline\\Pipeline.php(180): Illuminate\\Cookie\\Middleware\\EncryptCookies->handle(Object(Illuminate\\Http\\Request), Object(Closure))
#44 C:\\Users\\user\\perpustakaan-9\\vendor\\laravel\\framework\\src\\Illuminate\\Pipeline\\Pipeline.php(116): Illuminate\\Pipeline\\Pipeline->Illuminate\\Pipeline\\{closure}(Object(Illuminate\\Http\\Request))
#45 C:\\Users\\user\\perpustakaan-9\\vendor\\laravel\\framework\\src\\Illuminate\\Routing\\Router.php(799): Illuminate\\Pipeline\\Pipeline->then(Object(Closure))
#46 C:\\Users\\user\\perpustakaan-9\\vendor\\laravel\\framework\\src\\Illuminate\\Routing\\Router.php(776): Illuminate\\Routing\\Router->runRouteWithinStack(Object(Illuminate\\Routing\\Route), Object(Illuminate\\Http\\Request))
#47 C:\\Users\\user\\perpustakaan-9\\vendor\\laravel\\framework\\src\\Illuminate\\Routing\\Router.php(740): Illuminate\\Routing\\Router->runRoute(Object(Illuminate\\Http\\Request), Object(Illuminate\\Routing\\Route))
#48 C:\\Users\\user\\perpustakaan-9\\vendor\\laravel\\framework\\src\\Illuminate\\Routing\\Router.php(729): Illuminate\\Routing\\Router->dispatchToRoute(Object(Illuminate\\Http\\Request))
#49 C:\\Users\\user\\perpustakaan-9\\vendor\\laravel\\framework\\src\\Illuminate\\Foundation\\Http\\Kernel.php(190): Illuminate\\Routing\\Router->dispatch(Object(Illuminate\\Http\\Request))
#50 C:\\Users\\user\\perpustakaan-9\\vendor\\laravel\\framework\\src\\Illuminate\\Pipeline\\Pipeline.php(141): Illuminate\\Foundation\\Http\\Kernel->Illuminate\\Foundation\\Http\\{closure}(Object(Illuminate\\Http\\Request))
#51 C:\\Users\\user\\perpustakaan-9\\vendor\\laravel\\framework\\src\\Illuminate\\Foundation\\Http\\Middleware\\TransformsRequest.php(21): Illuminate\\Pipeline\\Pipeline->Illuminate\\Pipeline\\{closure}(Object(Illuminate\\Http\\Request))
#52 C:\\Users\\user\\perpustakaan-9\\vendor\\laravel\\framework\\src\\Illuminate\\Foundation\\Http\\Middleware\\ConvertEmptyStringsToNull.php(31): Illuminate\\Foundation\\Http\\Middleware\\TransformsRequest->handle(Object(Illuminate\\Http\\Request), Object(Closure))
#53 C:\\Users\\user\\perpustakaan-9\\vendor\\laravel\\framework\\src\\Illuminate\\Pipeline\\Pipeline.php(180): Illuminate\\Foundation\\Http\\Middleware\\ConvertEmptyStringsToNull->handle(Object(Illuminate\\Http\\Request), Object(Closure))
#54 C:\\Users\\user\\perpustakaan-9\\vendor\\laravel\\framework\\src\\Illuminate\\Foundation\\Http\\Middleware\\TransformsRequest.php(21): Illuminate\\Pipeline\\Pipeline->Illuminate\\Pipeline\\{closure}(Object(Illuminate\\Http\\Request))
#55 C:\\Users\\user\\perpustakaan-9\\vendor\\laravel\\framework\\src\\Illuminate\\Foundation\\Http\\Middleware\\TrimStrings.php(40): Illuminate\\Foundation\\Http\\Middleware\\TransformsRequest->handle(Object(Illuminate\\Http\\Request), Object(Closure))
#56 C:\\Users\\user\\perpustakaan-9\\vendor\\laravel\\framework\\src\\Illuminate\\Pipeline\\Pipeline.php(180): Illuminate\\Foundation\\Http\\Middleware\\TrimStrings->handle(Object(Illuminate\\Http\\Request), Object(Closure))
#57 C:\\Users\\user\\perpustakaan-9\\vendor\\laravel\\framework\\src\\Illuminate\\Foundation\\Http\\Middleware\\ValidatePostSize.php(27): Illuminate\\Pipeline\\Pipeline->Illuminate\\Pipeline\\{closure}(Object(Illuminate\\Http\\Request))
#58 C:\\Users\\user\\perpustakaan-9\\vendor\\laravel\\framework\\src\\Illuminate\\Pipeline\\Pipeline.php(180): Illuminate\\Foundation\\Http\\Middleware\\ValidatePostSize->handle(Object(Illuminate\\Http\\Request), Object(Closure))
#59 C:\\Users\\user\\perpustakaan-9\\vendor\\laravel\\framework\\src\\Illuminate\\Foundation\\Http\\Middleware\\PreventRequestsDuringMaintenance.php(86): Illuminate\\Pipeline\\Pipeline->Illuminate\\Pipeline\\{closure}(Object(Illuminate\\Http\\Request))
#60 C:\\Users\\user\\perpustakaan-9\\vendor\\laravel\\framework\\src\\Illuminate\\Pipeline\\Pipeline.php(180): Illuminate\\Foundation\\Http\\Middleware\\PreventRequestsDuringMaintenance->handle(Object(Illuminate\\Http\\Request), Object(Closure))
#61 C:\\Users\\user\\perpustakaan-9\\vendor\\fruitcake\\laravel-cors\\src\\HandleCors.php(38): Illuminate\\Pipeline\\Pipeline->Illuminate\\Pipeline\\{closure}(Object(Illuminate\\Http\\Request))
#62 C:\\Users\\user\\perpustakaan-9\\vendor\\laravel\\framework\\src\\Illuminate\\Pipeline\\Pipeline.php(180): Fruitcake\\Cors\\HandleCors->handle(Object(Illuminate\\Http\\Request), Object(Closure))
#63 C:\\Users\\user\\perpustakaan-9\\vendor\\laravel\\framework\\src\\Illuminate\\Http\\Middleware\\TrustProxies.php(39): Illuminate\\Pipeline\\Pipeline->Illuminate\\Pipeline\\{closure}(Object(Illuminate\\Http\\Request))
#64 C:\\Users\\user\\perpustakaan-9\\vendor\\laravel\\framework\\src\\Illuminate\\Pipeline\\Pipeline.php(180): Illuminate\\Http\\Middleware\\TrustProxies->handle(Object(Illuminate\\Http\\Request), Object(Closure))
#65 C:\\Users\\user\\perpustakaan-9\\vendor\\laravel\\framework\\src\\Illuminate\\Pipeline\\Pipeline.php(116): Illuminate\\Pipeline\\Pipeline->Illuminate\\Pipeline\\{closure}(Object(Illuminate\\Http\\Request))
#66 C:\\Users\\user\\perpustakaan-9\\vendor\\laravel\\framework\\src\\Illuminate\\Foundation\\Http\\Kernel.php(165): Illuminate\\Pipeline\\Pipeline->then(Object(Closure))
#67 C:\\Users\\user\\perpustakaan-9\\vendor\\laravel\\framework\\src\\Illuminate\\Foundation\\Http\\Kernel.php(134): Illuminate\\Foundation\\Http\\Kernel->sendRequestThroughRouter(Object(Illuminate\\Http\\Request))
#68 C:\\Users\\user\\perpustakaan-9\\public\\index.php(52): Illuminate\\Foundation\\Http\\Kernel->handle(Object(Illuminate\\Http\\Request))
#69 C:\\Users\\user\\perpustakaan-9\\vendor\\laravel\\framework\\src\\Illuminate\\Foundation\\resources\\server.php(16): require_once('C:\\\\Users\\\\user\\\\p...')
#70 {main}
"} 
[2026-06-02 13:59:22] local.ERROR: Route [buku.index] not defined. {"exception":"[object] (Spatie\\LaravelIgnition\\Exceptions\\ViewException(code: 0): Route [buku.index] not defined. at C:\\Users\\user\\perpustakaan-9\\vendor\\laravel\\framework\\src\\Illuminate\\Routing\\UrlGenerator.php:467)
[stacktrace]
#0 C:\\Users\\user\\perpustakaan-9\\vendor\\laravel\\framework\\src\\Illuminate\\Foundation\\helpers.php(826): Illuminate\\Routing\\UrlGenerator->route('buku.index', Array, true)
#1 C:\\Users\\user\\perpustakaan-9\\resources\\views\\layouts\\footer.blade.php(14): route('buku.index')
#2 C:\\Users\\user\\perpustakaan-9\\vendor\\laravel\\framework\\src\\Illuminate\\Filesystem\\Filesystem.php(109): require('C:\\\\Users\\\\user\\\\p...')
#3 C:\\Users\\user\\perpustakaan-9\\vendor\\laravel\\framework\\src\\Illuminate\\Filesystem\\Filesystem.php(110): Illuminate\\Filesystem\\Filesystem::Illuminate\\Filesystem\\{closure}()
#4 C:\\Users\\user\\perpustakaan-9\\vendor\\laravel\\framework\\src\\Illuminate\\View\\Engines\\PhpEngine.php(58): Illuminate\\Filesystem\\Filesystem->getRequire('C:\\\\Users\\\\user\\\\p...', Array)
#5 C:\\Users\\user\\perpustakaan-9\\vendor\\laravel\\framework\\src\\Illuminate\\View\\Engines\\CompilerEngine.php(70): Illuminate\\View\\Engines\\PhpEngine->evaluatePath('C:\\\\Users\\\\user\\\\p...', Array)
#6 C:\\Users\\user\\perpustakaan-9\\vendor\\laravel\\framework\\src\\Illuminate\\View\\View.php(195): Illuminate\\View\\Engines\\CompilerEngine->get('C:\\\\Users\\\\user\\\\p...', Array)
#7 C:\\Users\\user\\perpustakaan-9\\vendor\\laravel\\framework\\src\\Illuminate\\View\\View.php(178): Illuminate\\View\\View->getContents()
#8 C:\\Users\\user\\perpustakaan-9\\vendor\\laravel\\framework\\src\\Illuminate\\View\\View.php(147): Illuminate\\View\\View->renderContents()
#9 C:\\Users\\user\\perpustakaan-9\\resources\\views\\layouts\\app.blade.php(79): Illuminate\\View\\View->render()
#10 C:\\Users\\user\\perpustakaan-9\\vendor\\laravel\\framework\\src\\Illuminate\\Filesystem\\Filesystem.php(109): require('C:\\\\Users\\\\user\\\\p...')
#11 C:\\Users\\user\\perpustakaan-9\\vendor\\laravel\\framework\\src\\Illuminate\\Filesystem\\Filesystem.php(110): Illuminate\\Filesystem\\Filesystem::Illuminate\\Filesystem\\{closure}()
#12 C:\\Users\\user\\perpustakaan-9\\vendor\\laravel\\framework\\src\\Illuminate\\View\\Engines\\PhpEngine.php(58): Illuminate\\Filesystem\\Filesystem->getRequire('C:\\\\Users\\\\user\\\\p...', Array)
#13 C:\\Users\\user\\perpustakaan-9\\vendor\\laravel\\framework\\src\\Illuminate\\View\\Engines\\CompilerEngine.php(70): Illuminate\\View\\Engines\\PhpEngine->evaluatePath('C:\\\\Users\\\\user\\\\p...', Array)
#14 C:\\Users\\user\\perpustakaan-9\\vendor\\laravel\\framework\\src\\Illuminate\\View\\View.php(195): Illuminate\\View\\Engines\\CompilerEngine->get('C:\\\\Users\\\\user\\\\p...', Array)
#15 C:\\Users\\user\\perpustakaan-9\\vendor\\laravel\\framework\\src\\Illuminate\\View\\View.php(178): Illuminate\\View\\View->getContents()
#16 C:\\Users\\user\\perpustakaan-9\\vendor\\laravel\\framework\\src\\Illuminate\\View\\View.php(147): Illuminate\\View\\View->renderContents()
#17 C:\\Users\\user\\perpustakaan-9\\resources\\views\\home.blade.php(56): Illuminate\\View\\View->render()
#18 C:\\Users\\user\\perpustakaan-9\\vendor\\laravel\\framework\\src\\Illuminate\\Filesystem\\Filesystem.php(109): require('C:\\\\Users\\\\user\\\\p...')
#19 C:\\Users\\user\\perpustakaan-9\\vendor\\laravel\\framework\\src\\Illuminate\\Filesystem\\Filesystem.php(110): Illuminate\\Filesystem\\Filesystem::Illuminate\\Filesystem\\{closure}()
#20 C:\\Users\\user\\perpustakaan-9\\vendor\\laravel\\framework\\src\\Illuminate\\View\\Engines\\PhpEngine.php(58): Illuminate\\Filesystem\\Filesystem->getRequire('C:\\\\Users\\\\user\\\\p...', Array)
#21 C:\\Users\\user\\perpustakaan-9\\vendor\\laravel\\framework\\src\\Illuminate\\View\\Engines\\CompilerEngine.php(70): Illuminate\\View\\Engines\\PhpEngine->evaluatePath('C:\\\\Users\\\\user\\\\p...', Array)
#22 C:\\Users\\user\\perpustakaan-9\\vendor\\laravel\\framework\\src\\Illuminate\\View\\View.php(195): Illuminate\\View\\Engines\\CompilerEngine->get('C:\\\\Users\\\\user\\\\p...', Array)
#23 C:\\Users\\user\\perpustakaan-9\\vendor\\laravel\\framework\\src\\Illuminate\\View\\View.php(178): Illuminate\\View\\View->getContents()
#24 C:\\Users\\user\\perpustakaan-9\\vendor\\laravel\\framework\\src\\Illuminate\\View\\View.php(147): Illuminate\\View\\View->renderContents()
#25 C:\\Users\\user\\perpustakaan-9\\vendor\\laravel\\framework\\src\\Illuminate\\Http\\Response.php(69): Illuminate\\View\\View->render()
#26 C:\\Users\\user\\perpustakaan-9\\vendor\\laravel\\framework\\src\\Illuminate\\Http\\Response.php(35): Illuminate\\Http\\Response->setContent(Object(Illuminate\\View\\View))
#27 C:\\Users\\user\\perpustakaan-9\\vendor\\laravel\\framework\\src\\Illuminate\\Routing\\Router.php(906): Illuminate\\Http\\Response->__construct(Object(Illuminate\\View\\View), 200, Array)
#28 C:\\Users\\user\\perpustakaan-9\\vendor\\laravel\\framework\\src\\Illuminate\\Routing\\Router.php(875): Illuminate\\Routing\\Router::toResponse(Object(Illuminate\\Http\\Request), Object(Illuminate\\View\\View))
#29 C:\\Users\\user\\perpustakaan-9\\vendor\\laravel\\framework\\src\\Illuminate\\Routing\\Router.php(798): Illuminate\\Routing\\Router->prepareResponse(Object(Illuminate\\Http\\Request), Object(Illuminate\\View\\View))
#30 C:\\Users\\user\\perpustakaan-9\\vendor\\laravel\\framework\\src\\Illuminate\\Pipeline\\Pipeline.php(141): Illuminate\\Routing\\Router->Illuminate\\Routing\\{closure}(Object(Illuminate\\Http\\Request))
#31 C:\\Users\\user\\perpustakaan-9\\vendor\\laravel\\framework\\src\\Illuminate\\Routing\\Middleware\\SubstituteBindings.php(50): Illuminate\\Pipeline\\Pipeline->Illuminate\\Pipeline\\{closure}(Object(Illuminate\\Http\\Request))
#32 C:\\Users\\user\\perpustakaan-9\\vendor\\laravel\\framework\\src\\Illuminate\\Pipeline\\Pipeline.php(180): Illuminate\\Routing\\Middleware\\SubstituteBindings->handle(Object(Illuminate\\Http\\Request), Object(Closure))
#33 C:\\Users\\user\\perpustakaan-9\\vendor\\laravel\\framework\\src\\Illuminate\\Foundation\\Http\\Middleware\\VerifyCsrfToken.php(78): Illuminate\\Pipeline\\Pipeline->Illuminate\\Pipeline\\{closure}(Object(Illuminate\\Http\\Request))
#34 C:\\Users\\user\\perpustakaan-9\\vendor\\laravel\\framework\\src\\Illuminate\\Pipeline\\Pipeline.php(180): Illuminate\\Foundation\\Http\\Middleware\\VerifyCsrfToken->handle(Object(Illuminate\\Http\\Request), Object(Closure))
#35 C:\\Users\\user\\perpustakaan-9\\vendor\\laravel\\framework\\src\\Illuminate\\View\\Middleware\\ShareErrorsFromSession.php(49): Illuminate\\Pipeline\\Pipeline->Illuminate\\Pipeline\\{closure}(Object(Illuminate\\Http\\Request))
#36 C:\\Users\\user\\perpustakaan-9\\vendor\\laravel\\framework\\src\\Illuminate\\Pipeline\\Pipeline.php(180): Illuminate\\View\\Middleware\\ShareErrorsFromSession->handle(Object(Illuminate\\Http\\Request), Object(Closure))
#37 C:\\Users\\user\\perpustakaan-9\\vendor\\laravel\\framework\\src\\Illuminate\\Session\\Middleware\\StartSession.php(121): Illuminate\\Pipeline\\Pipeline->Illuminate\\Pipeline\\{closure}(Object(Illuminate\\Http\\Request))
#38 C:\\Users\\user\\perpustakaan-9\\vendor\\laravel\\framework\\src\\Illuminate\\Session\\Middleware\\StartSession.php(64): Illuminate\\Session\\Middleware\\StartSession->handleStatefulRequest(Object(Illuminate\\Http\\Request), Object(Illuminate\\Session\\Store), Object(Closure))
#39 C:\\Users\\user\\perpustakaan-9\\vendor\\laravel\\framework\\src\\Illuminate\\Pipeline\\Pipeline.php(180): Illuminate\\Session\\Middleware\\StartSession->handle(Object(Illuminate\\Http\\Request), Object(Closure))
#40 C:\\Users\\user\\perpustakaan-9\\vendor\\laravel\\framework\\src\\Illuminate\\Cookie\\Middleware\\AddQueuedCookiesToResponse.php(37): Illuminate\\Pipeline\\Pipeline->Illuminate\\Pipeline\\{closure}(Object(Illuminate\\Http\\Request))
#41 C:\\Users\\user\\perpustakaan-9\\vendor\\laravel\\framework\\src\\Illuminate\\Pipeline\\Pipeline.php(180): Illuminate\\Cookie\\Middleware\\AddQueuedCookiesToResponse->handle(Object(Illuminate\\Http\\Request), Object(Closure))
#42 C:\\Users\\user\\perpustakaan-9\\vendor\\laravel\\framework\\src\\Illuminate\\Cookie\\Middleware\\EncryptCookies.php(67): Illuminate\\Pipeline\\Pipeline->Illuminate\\Pipeline\\{closure}(Object(Illuminate\\Http\\Request))
#43 C:\\Users\\user\\perpustakaan-9\\vendor\\laravel\\framework\\src\\Illuminate\\Pipeline\\Pipeline.php(180): Illuminate\\Cookie\\Middleware\\EncryptCookies->handle(Object(Illuminate\\Http\\Request), Object(Closure))
#44 C:\\Users\\user\\perpustakaan-9\\vendor\\laravel\\framework\\src\\Illuminate\\Pipeline\\Pipeline.php(116): Illuminate\\Pipeline\\Pipeline->Illuminate\\Pipeline\\{closure}(Object(Illuminate\\Http\\Request))
#45 C:\\Users\\user\\perpustakaan-9\\vendor\\laravel\\framework\\src\\Illuminate\\Routing\\Router.php(799): Illuminate\\Pipeline\\Pipeline->then(Object(Closure))
#46 C:\\Users\\user\\perpustakaan-9\\vendor\\laravel\\framework\\src\\Illuminate\\Routing\\Router.php(776): Illuminate\\Routing\\Router->runRouteWithinStack(Object(Illuminate\\Routing\\Route), Object(Illuminate\\Http\\Request))
#47 C:\\Users\\user\\perpustakaan-9\\vendor\\laravel\\framework\\src\\Illuminate\\Routing\\Router.php(740): Illuminate\\Routing\\Router->runRoute(Object(Illuminate\\Http\\Request), Object(Illuminate\\Routing\\Route))
#48 C:\\Users\\user\\perpustakaan-9\\vendor\\laravel\\framework\\src\\Illuminate\\Routing\\Router.php(729): Illuminate\\Routing\\Router->dispatchToRoute(Object(Illuminate\\Http\\Request))
#49 C:\\Users\\user\\perpustakaan-9\\vendor\\laravel\\framework\\src\\Illuminate\\Foundation\\Http\\Kernel.php(190): Illuminate\\Routing\\Router->dispatch(Object(Illuminate\\Http\\Request))
#50 C:\\Users\\user\\perpustakaan-9\\vendor\\laravel\\framework\\src\\Illuminate\\Pipeline\\Pipeline.php(141): Illuminate\\Foundation\\Http\\Kernel->Illuminate\\Foundation\\Http\\{closure}(Object(Illuminate\\Http\\Request))
#51 C:\\Users\\user\\perpustakaan-9\\vendor\\laravel\\framework\\src\\Illuminate\\Foundation\\Http\\Middleware\\TransformsRequest.php(21): Illuminate\\Pipeline\\Pipeline->Illuminate\\Pipeline\\{closure}(Object(Illuminate\\Http\\Request))
#52 C:\\Users\\user\\perpustakaan-9\\vendor\\laravel\\framework\\src\\Illuminate\\Foundation\\Http\\Middleware\\ConvertEmptyStringsToNull.php(31): Illuminate\\Foundation\\Http\\Middleware\\TransformsRequest->handle(Object(Illuminate\\Http\\Request), Object(Closure))
#53 C:\\Users\\user\\perpustakaan-9\\vendor\\laravel\\framework\\src\\Illuminate\\Pipeline\\Pipeline.php(180): Illuminate\\Foundation\\Http\\Middleware\\ConvertEmptyStringsToNull->handle(Object(Illuminate\\Http\\Request), Object(Closure))
#54 C:\\Users\\user\\perpustakaan-9\\vendor\\laravel\\framework\\src\\Illuminate\\Foundation\\Http\\Middleware\\TransformsRequest.php(21): Illuminate\\Pipeline\\Pipeline->Illuminate\\Pipeline\\{closure}(Object(Illuminate\\Http\\Request))
#55 C:\\Users\\user\\perpustakaan-9\\vendor\\laravel\\framework\\src\\Illuminate\\Foundation\\Http\\Middleware\\TrimStrings.php(40): Illuminate\\Foundation\\Http\\Middleware\\TransformsRequest->handle(Object(Illuminate\\Http\\Request), Object(Closure))
#56 C:\\Users\\user\\perpustakaan-9\\vendor\\laravel\\framework\\src\\Illuminate\\Pipeline\\Pipeline.php(180): Illuminate\\Foundation\\Http\\Middleware\\TrimStrings->handle(Object(Illuminate\\Http\\Request), Object(Closure))
#57 C:\\Users\\user\\perpustakaan-9\\vendor\\laravel\\framework\\src\\Illuminate\\Foundation\\Http\\Middleware\\ValidatePostSize.php(27): Illuminate\\Pipeline\\Pipeline->Illuminate\\Pipeline\\{closure}(Object(Illuminate\\Http\\Request))
#58 C:\\Users\\user\\perpustakaan-9\\vendor\\laravel\\framework\\src\\Illuminate\\Pipeline\\Pipeline.php(180): Illuminate\\Foundation\\Http\\Middleware\\ValidatePostSize->handle(Object(Illuminate\\Http\\Request), Object(Closure))
#59 C:\\Users\\user\\perpustakaan-9\\vendor\\laravel\\framework\\src\\Illuminate\\Foundation\\Http\\Middleware\\PreventRequestsDuringMaintenance.php(86): Illuminate\\Pipeline\\Pipeline->Illuminate\\Pipeline\\{closure}(Object(Illuminate\\Http\\Request))
#60 C:\\Users\\user\\perpustakaan-9\\vendor\\laravel\\framework\\src\\Illuminate\\Pipeline\\Pipeline.php(180): Illuminate\\Foundation\\Http\\Middleware\\PreventRequestsDuringMaintenance->handle(Object(Illuminate\\Http\\Request), Object(Closure))
#61 C:\\Users\\user\\perpustakaan-9\\vendor\\fruitcake\\laravel-cors\\src\\HandleCors.php(38): Illuminate\\Pipeline\\Pipeline->Illuminate\\Pipeline\\{closure}(Object(Illuminate\\Http\\Request))
#62 C:\\Users\\user\\perpustakaan-9\\vendor\\laravel\\framework\\src\\Illuminate\\Pipeline\\Pipeline.php(180): Fruitcake\\Cors\\HandleCors->handle(Object(Illuminate\\Http\\Request), Object(Closure))
#63 C:\\Users\\user\\perpustakaan-9\\vendor\\laravel\\framework\\src\\Illuminate\\Http\\Middleware\\TrustProxies.php(39): Illuminate\\Pipeline\\Pipeline->Illuminate\\Pipeline\\{closure}(Object(Illuminate\\Http\\Request))
#64 C:\\Users\\user\\perpustakaan-9\\vendor\\laravel\\framework\\src\\Illuminate\\Pipeline\\Pipeline.php(180): Illuminate\\Http\\Middleware\\TrustProxies->handle(Object(Illuminate\\Http\\Request), Object(Closure))
#65 C:\\Users\\user\\perpustakaan-9\\vendor\\laravel\\framework\\src\\Illuminate\\Pipeline\\Pipeline.php(116): Illuminate\\Pipeline\\Pipeline->Illuminate\\Pipeline\\{closure}(Object(Illuminate\\Http\\Request))
#66 C:\\Users\\user\\perpustakaan-9\\vendor\\laravel\\framework\\src\\Illuminate\\Foundation\\Http\\Kernel.php(165): Illuminate\\Pipeline\\Pipeline->then(Object(Closure))
#67 C:\\Users\\user\\perpustakaan-9\\vendor\\laravel\\framework\\src\\Illuminate\\Foundation\\Http\\Kernel.php(134): Illuminate\\Foundation\\Http\\Kernel->sendRequestThroughRouter(Object(Illuminate\\Http\\Request))
#68 C:\\Users\\user\\perpustakaan-9\\public\\index.php(52): Illuminate\\Foundation\\Http\\Kernel->handle(Object(Illuminate\\Http\\Request))
#69 C:\\Users\\user\\perpustakaan-9\\vendor\\laravel\\framework\\src\\Illuminate\\Foundation\\resources\\server.php(16): require_once('C:\\\\Users\\\\user\\\\p...')
#70 {main}

[previous exception] [object] (Symfony\\Component\\Routing\\Exception\\RouteNotFoundException(code: 0): Route [buku.index] not defined. at C:\\Users\\user\\perpustakaan-9\\vendor\\laravel\\framework\\src\\Illuminate\\Routing\\UrlGenerator.php:467)
[stacktrace]
#0 C:\\Users\\user\\perpustakaan-9\\vendor\\laravel\\framework\\src\\Illuminate\\Foundation\\helpers.php(826): Illuminate\\Routing\\UrlGenerator->route('buku.index', Array, true)
#1 C:\\Users\\user\\perpustakaan-9\\storage\\framework\\views\\fdda82ced21dc5f5f68e62fcc3b34b7801a67e48.php(14): route('buku.index')
#2 C:\\Users\\user\\perpustakaan-9\\vendor\\laravel\\framework\\src\\Illuminate\\Filesystem\\Filesystem.php(109): require('C:\\\\Users\\\\user\\\\p...')
#3 C:\\Users\\user\\perpustakaan-9\\vendor\\laravel\\framework\\src\\Illuminate\\Filesystem\\Filesystem.php(110): Illuminate\\Filesystem\\Filesystem::Illuminate\\Filesystem\\{closure}()
#4 C:\\Users\\user\\perpustakaan-9\\vendor\\laravel\\framework\\src\\Illuminate\\View\\Engines\\PhpEngine.php(58): Illuminate\\Filesystem\\Filesystem->getRequire('C:\\\\Users\\\\user\\\\p...', Array)
#5 C:\\Users\\user\\perpustakaan-9\\vendor\\laravel\\framework\\src\\Illuminate\\View\\Engines\\CompilerEngine.php(70): Illuminate\\View\\Engines\\PhpEngine->evaluatePath('C:\\\\Users\\\\user\\\\p...', Array)
#6 C:\\Users\\user\\perpustakaan-9\\vendor\\laravel\\framework\\src\\Illuminate\\View\\View.php(195): Illuminate\\View\\Engines\\CompilerEngine->get('C:\\\\Users\\\\user\\\\p...', Array)
#7 C:\\Users\\user\\perpustakaan-9\\vendor\\laravel\\framework\\src\\Illuminate\\View\\View.php(178): Illuminate\\View\\View->getContents()
#8 C:\\Users\\user\\perpustakaan-9\\vendor\\laravel\\framework\\src\\Illuminate\\View\\View.php(147): Illuminate\\View\\View->renderContents()
#9 C:\\Users\\user\\perpustakaan-9\\storage\\framework\\views\\bc932f2e408ff748201ebd7d84241cc592c21e24.php(82): Illuminate\\View\\View->render()
#10 C:\\Users\\user\\perpustakaan-9\\vendor\\laravel\\framework\\src\\Illuminate\\Filesystem\\Filesystem.php(109): require('C:\\\\Users\\\\user\\\\p...')
#11 C:\\Users\\user\\perpustakaan-9\\vendor\\laravel\\framework\\src\\Illuminate\\Filesystem\\Filesystem.php(110): Illuminate\\Filesystem\\Filesystem::Illuminate\\Filesystem\\{closure}()
#12 C:\\Users\\user\\perpustakaan-9\\vendor\\laravel\\framework\\src\\Illuminate\\View\\Engines\\PhpEngine.php(58): Illuminate\\Filesystem\\Filesystem->getRequire('C:\\\\Users\\\\user\\\\p...', Array)
#13 C:\\Users\\user\\perpustakaan-9\\vendor\\laravel\\framework\\src\\Illuminate\\View\\Engines\\CompilerEngine.php(70): Illuminate\\View\\Engines\\PhpEngine->evaluatePath('C:\\\\Users\\\\user\\\\p...', Array)
#14 C:\\Users\\user\\perpustakaan-9\\vendor\\laravel\\framework\\src\\Illuminate\\View\\View.php(195): Illuminate\\View\\Engines\\CompilerEngine->get('C:\\\\Users\\\\user\\\\p...', Array)
#15 C:\\Users\\user\\perpustakaan-9\\vendor\\laravel\\framework\\src\\Illuminate\\View\\View.php(178): Illuminate\\View\\View->getContents()
#16 C:\\Users\\user\\perpustakaan-9\\vendor\\laravel\\framework\\src\\Illuminate\\View\\View.php(147): Illuminate\\View\\View->renderContents()
#17 C:\\Users\\user\\perpustakaan-9\\storage\\framework\\views\\e44d3acdefc60594e45699385658ff98478f75bd.php(57): Illuminate\\View\\View->render()
#18 C:\\Users\\user\\perpustakaan-9\\vendor\\laravel\\framework\\src\\Illuminate\\Filesystem\\Filesystem.php(109): require('C:\\\\Users\\\\user\\\\p...')
#19 C:\\Users\\user\\perpustakaan-9\\vendor\\laravel\\framework\\src\\Illuminate\\Filesystem\\Filesystem.php(110): Illuminate\\Filesystem\\Filesystem::Illuminate\\Filesystem\\{closure}()
#20 C:\\Users\\user\\perpustakaan-9\\vendor\\laravel\\framework\\src\\Illuminate\\View\\Engines\\PhpEngine.php(58): Illuminate\\Filesystem\\Filesystem->getRequire('C:\\\\Users\\\\user\\\\p...', Array)
#21 C:\\Users\\user\\perpustakaan-9\\vendor\\laravel\\framework\\src\\Illuminate\\View\\Engines\\CompilerEngine.php(70): Illuminate\\View\\Engines\\PhpEngine->evaluatePath('C:\\\\Users\\\\user\\\\p...', Array)
#22 C:\\Users\\user\\perpustakaan-9\\vendor\\laravel\\framework\\src\\Illuminate\\View\\View.php(195): Illuminate\\View\\Engines\\CompilerEngine->get('C:\\\\Users\\\\user\\\\p...', Array)
#23 C:\\Users\\user\\perpustakaan-9\\vendor\\laravel\\framework\\src\\Illuminate\\View\\View.php(178): Illuminate\\View\\View->getContents()
#24 C:\\Users\\user\\perpustakaan-9\\vendor\\laravel\\framework\\src\\Illuminate\\View\\View.php(147): Illuminate\\View\\View->renderContents()
#25 C:\\Users\\user\\perpustakaan-9\\vendor\\laravel\\framework\\src\\Illuminate\\Http\\Response.php(69): Illuminate\\View\\View->render()
#26 C:\\Users\\user\\perpustakaan-9\\vendor\\laravel\\framework\\src\\Illuminate\\Http\\Response.php(35): Illuminate\\Http\\Response->setContent(Object(Illuminate\\View\\View))
#27 C:\\Users\\user\\perpustakaan-9\\vendor\\laravel\\framework\\src\\Illuminate\\Routing\\Router.php(906): Illuminate\\Http\\Response->__construct(Object(Illuminate\\View\\View), 200, Array)
#28 C:\\Users\\user\\perpustakaan-9\\vendor\\laravel\\framework\\src\\Illuminate\\Routing\\Router.php(875): Illuminate\\Routing\\Router::toResponse(Object(Illuminate\\Http\\Request), Object(Illuminate\\View\\View))
#29 C:\\Users\\user\\perpustakaan-9\\vendor\\laravel\\framework\\src\\Illuminate\\Routing\\Router.php(798): Illuminate\\Routing\\Router->prepareResponse(Object(Illuminate\\Http\\Request), Object(Illuminate\\View\\View))
#30 C:\\Users\\user\\perpustakaan-9\\vendor\\laravel\\framework\\src\\Illuminate\\Pipeline\\Pipeline.php(141): Illuminate\\Routing\\Router->Illuminate\\Routing\\{closure}(Object(Illuminate\\Http\\Request))
#31 C:\\Users\\user\\perpustakaan-9\\vendor\\laravel\\framework\\src\\Illuminate\\Routing\\Middleware\\SubstituteBindings.php(50): Illuminate\\Pipeline\\Pipeline->Illuminate\\Pipeline\\{closure}(Object(Illuminate\\Http\\Request))
#32 C:\\Users\\user\\perpustakaan-9\\vendor\\laravel\\framework\\src\\Illuminate\\Pipeline\\Pipeline.php(180): Illuminate\\Routing\\Middleware\\SubstituteBindings->handle(Object(Illuminate\\Http\\Request), Object(Closure))
#33 C:\\Users\\user\\perpustakaan-9\\vendor\\laravel\\framework\\src\\Illuminate\\Foundation\\Http\\Middleware\\VerifyCsrfToken.php(78): Illuminate\\Pipeline\\Pipeline->Illuminate\\Pipeline\\{closure}(Object(Illuminate\\Http\\Request))
#34 C:\\Users\\user\\perpustakaan-9\\vendor\\laravel\\framework\\src\\Illuminate\\Pipeline\\Pipeline.php(180): Illuminate\\Foundation\\Http\\Middleware\\VerifyCsrfToken->handle(Object(Illuminate\\Http\\Request), Object(Closure))
#35 C:\\Users\\user\\perpustakaan-9\\vendor\\laravel\\framework\\src\\Illuminate\\View\\Middleware\\ShareErrorsFromSession.php(49): Illuminate\\Pipeline\\Pipeline->Illuminate\\Pipeline\\{closure}(Object(Illuminate\\Http\\Request))
#36 C:\\Users\\user\\perpustakaan-9\\vendor\\laravel\\framework\\src\\Illuminate\\Pipeline\\Pipeline.php(180): Illuminate\\View\\Middleware\\ShareErrorsFromSession->handle(Object(Illuminate\\Http\\Request), Object(Closure))
#37 C:\\Users\\user\\perpustakaan-9\\vendor\\laravel\\framework\\src\\Illuminate\\Session\\Middleware\\StartSession.php(121): Illuminate\\Pipeline\\Pipeline->Illuminate\\Pipeline\\{closure}(Object(Illuminate\\Http\\Request))
#38 C:\\Users\\user\\perpustakaan-9\\vendor\\laravel\\framework\\src\\Illuminate\\Session\\Middleware\\StartSession.php(64): Illuminate\\Session\\Middleware\\StartSession->handleStatefulRequest(Object(Illuminate\\Http\\Request), Object(Illuminate\\Session\\Store), Object(Closure))
#39 C:\\Users\\user\\perpustakaan-9\\vendor\\laravel\\framework\\src\\Illuminate\\Pipeline\\Pipeline.php(180): Illuminate\\Session\\Middleware\\StartSession->handle(Object(Illuminate\\Http\\Request), Object(Closure))
#40 C:\\Users\\user\\perpustakaan-9\\vendor\\laravel\\framework\\src\\Illuminate\\Cookie\\Middleware\\AddQueuedCookiesToResponse.php(37): Illuminate\\Pipeline\\Pipeline->Illuminate\\Pipeline\\{closure}(Object(Illuminate\\Http\\Request))
#41 C:\\Users\\user\\perpustakaan-9\\vendor\\laravel\\framework\\src\\Illuminate\\Pipeline\\Pipeline.php(180): Illuminate\\Cookie\\Middleware\\AddQueuedCookiesToResponse->handle(Object(Illuminate\\Http\\Request), Object(Closure))
#42 C:\\Users\\user\\perpustakaan-9\\vendor\\laravel\\framework\\src\\Illuminate\\Cookie\\Middleware\\EncryptCookies.php(67): Illuminate\\Pipeline\\Pipeline->Illuminate\\Pipeline\\{closure}(Object(Illuminate\\Http\\Request))
#43 C:\\Users\\user\\perpustakaan-9\\vendor\\laravel\\framework\\src\\Illuminate\\Pipeline\\Pipeline.php(180): Illuminate\\Cookie\\Middleware\\EncryptCookies->handle(Object(Illuminate\\Http\\Request), Object(Closure))
#44 C:\\Users\\user\\perpustakaan-9\\vendor\\laravel\\framework\\src\\Illuminate\\Pipeline\\Pipeline.php(116): Illuminate\\Pipeline\\Pipeline->Illuminate\\Pipeline\\{closure}(Object(Illuminate\\Http\\Request))
#45 C:\\Users\\user\\perpustakaan-9\\vendor\\laravel\\framework\\src\\Illuminate\\Routing\\Router.php(799): Illuminate\\Pipeline\\Pipeline->then(Object(Closure))
#46 C:\\Users\\user\\perpustakaan-9\\vendor\\laravel\\framework\\src\\Illuminate\\Routing\\Router.php(776): Illuminate\\Routing\\Router->runRouteWithinStack(Object(Illuminate\\Routing\\Route), Object(Illuminate\\Http\\Request))
#47 C:\\Users\\user\\perpustakaan-9\\vendor\\laravel\\framework\\src\\Illuminate\\Routing\\Router.php(740): Illuminate\\Routing\\Router->runRoute(Object(Illuminate\\Http\\Request), Object(Illuminate\\Routing\\Route))
#48 C:\\Users\\user\\perpustakaan-9\\vendor\\laravel\\framework\\src\\Illuminate\\Routing\\Router.php(729): Illuminate\\Routing\\Router->dispatchToRoute(Object(Illuminate\\Http\\Request))
#49 C:\\Users\\user\\perpustakaan-9\\vendor\\laravel\\framework\\src\\Illuminate\\Foundation\\Http\\Kernel.php(190): Illuminate\\Routing\\Router->dispatch(Object(Illuminate\\Http\\Request))
#50 C:\\Users\\user\\perpustakaan-9\\vendor\\laravel\\framework\\src\\Illuminate\\Pipeline\\Pipeline.php(141): Illuminate\\Foundation\\Http\\Kernel->Illuminate\\Foundation\\Http\\{closure}(Object(Illuminate\\Http\\Request))
#51 C:\\Users\\user\\perpustakaan-9\\vendor\\laravel\\framework\\src\\Illuminate\\Foundation\\Http\\Middleware\\TransformsRequest.php(21): Illuminate\\Pipeline\\Pipeline->Illuminate\\Pipeline\\{closure}(Object(Illuminate\\Http\\Request))
#52 C:\\Users\\user\\perpustakaan-9\\vendor\\laravel\\framework\\src\\Illuminate\\Foundation\\Http\\Middleware\\ConvertEmptyStringsToNull.php(31): Illuminate\\Foundation\\Http\\Middleware\\TransformsRequest->handle(Object(Illuminate\\Http\\Request), Object(Closure))
#53 C:\\Users\\user\\perpustakaan-9\\vendor\\laravel\\framework\\src\\Illuminate\\Pipeline\\Pipeline.php(180): Illuminate\\Foundation\\Http\\Middleware\\ConvertEmptyStringsToNull->handle(Object(Illuminate\\Http\\Request), Object(Closure))
#54 C:\\Users\\user\\perpustakaan-9\\vendor\\laravel\\framework\\src\\Illuminate\\Foundation\\Http\\Middleware\\TransformsRequest.php(21): Illuminate\\Pipeline\\Pipeline->Illuminate\\Pipeline\\{closure}(Object(Illuminate\\Http\\Request))
#55 C:\\Users\\user\\perpustakaan-9\\vendor\\laravel\\framework\\src\\Illuminate\\Foundation\\Http\\Middleware\\TrimStrings.php(40): Illuminate\\Foundation\\Http\\Middleware\\TransformsRequest->handle(Object(Illuminate\\Http\\Request), Object(Closure))
#56 C:\\Users\\user\\perpustakaan-9\\vendor\\laravel\\framework\\src\\Illuminate\\Pipeline\\Pipeline.php(180): Illuminate\\Foundation\\Http\\Middleware\\TrimStrings->handle(Object(Illuminate\\Http\\Request), Object(Closure))
#57 C:\\Users\\user\\perpustakaan-9\\vendor\\laravel\\framework\\src\\Illuminate\\Foundation\\Http\\Middleware\\ValidatePostSize.php(27): Illuminate\\Pipeline\\Pipeline->Illuminate\\Pipeline\\{closure}(Object(Illuminate\\Http\\Request))
#58 C:\\Users\\user\\perpustakaan-9\\vendor\\laravel\\framework\\src\\Illuminate\\Pipeline\\Pipeline.php(180): Illuminate\\Foundation\\Http\\Middleware\\ValidatePostSize->handle(Object(Illuminate\\Http\\Request), Object(Closure))
#59 C:\\Users\\user\\perpustakaan-9\\vendor\\laravel\\framework\\src\\Illuminate\\Foundation\\Http\\Middleware\\PreventRequestsDuringMaintenance.php(86): Illuminate\\Pipeline\\Pipeline->Illuminate\\Pipeline\\{closure}(Object(Illuminate\\Http\\Request))
#60 C:\\Users\\user\\perpustakaan-9\\vendor\\laravel\\framework\\src\\Illuminate\\Pipeline\\Pipeline.php(180): Illuminate\\Foundation\\Http\\Middleware\\PreventRequestsDuringMaintenance->handle(Object(Illuminate\\Http\\Request), Object(Closure))
#61 C:\\Users\\user\\perpustakaan-9\\vendor\\fruitcake\\laravel-cors\\src\\HandleCors.php(38): Illuminate\\Pipeline\\Pipeline->Illuminate\\Pipeline\\{closure}(Object(Illuminate\\Http\\Request))
#62 C:\\Users\\user\\perpustakaan-9\\vendor\\laravel\\framework\\src\\Illuminate\\Pipeline\\Pipeline.php(180): Fruitcake\\Cors\\HandleCors->handle(Object(Illuminate\\Http\\Request), Object(Closure))
#63 C:\\Users\\user\\perpustakaan-9\\vendor\\laravel\\framework\\src\\Illuminate\\Http\\Middleware\\TrustProxies.php(39): Illuminate\\Pipeline\\Pipeline->Illuminate\\Pipeline\\{closure}(Object(Illuminate\\Http\\Request))
#64 C:\\Users\\user\\perpustakaan-9\\vendor\\laravel\\framework\\src\\Illuminate\\Pipeline\\Pipeline.php(180): Illuminate\\Http\\Middleware\\TrustProxies->handle(Object(Illuminate\\Http\\Request), Object(Closure))
#65 C:\\Users\\user\\perpustakaan-9\\vendor\\laravel\\framework\\src\\Illuminate\\Pipeline\\Pipeline.php(116): Illuminate\\Pipeline\\Pipeline->Illuminate\\Pipeline\\{closure}(Object(Illuminate\\Http\\Request))
#66 C:\\Users\\user\\perpustakaan-9\\vendor\\laravel\\framework\\src\\Illuminate\\Foundation\\Http\\Kernel.php(165): Illuminate\\Pipeline\\Pipeline->then(Object(Closure))
#67 C:\\Users\\user\\perpustakaan-9\\vendor\\laravel\\framework\\src\\Illuminate\\Foundation\\Http\\Kernel.php(134): Illuminate\\Foundation\\Http\\Kernel->sendRequestThroughRouter(Object(Illuminate\\Http\\Request))
#68 C:\\Users\\user\\perpustakaan-9\\public\\index.php(52): Illuminate\\Foundation\\Http\\Kernel->handle(Object(Illuminate\\Http\\Request))
#69 C:\\Users\\user\\perpustakaan-9\\vendor\\laravel\\framework\\src\\Illuminate\\Foundation\\resources\\server.php(16): require_once('C:\\\\Users\\\\user\\\\p...')
#70 {main}
"} 
[2026-06-02 14:13:15] local.ERROR: syntax error, unexpected token "..." {"exception":"[object] (ParseError(code: 0): syntax error, unexpected token \"...\" at C:\\Users\\user\\perpustakaan-9\\routes\\web.php:12)
[stacktrace]
#0 C:\\Users\\user\\perpustakaan-9\\vendor\\laravel\\framework\\src\\Illuminate\\Routing\\Router.php(503): Illuminate\\Routing\\RouteFileRegistrar->register('C:\\\\Users\\\\user\\\\p...')
#1 C:\\Users\\user\\perpustakaan-9\\vendor\\laravel\\framework\\src\\Illuminate\\Routing\\Router.php(457): Illuminate\\Routing\\Router->loadRoutes('C:\\\\Users\\\\user\\\\p...')
#2 C:\\Users\\user\\perpustakaan-9\\vendor\\laravel\\framework\\src\\Illuminate\\Routing\\RouteRegistrar.php(192): Illuminate\\Routing\\Router->group(Array, 'C:\\\\Users\\\\user\\\\p...')
#3 C:\\Users\\user\\perpustakaan-9\\app\\Providers\\RouteServiceProvider.php(48): Illuminate\\Routing\\RouteRegistrar->group('C:\\\\Users\\\\user\\\\p...')
#4 C:\\Users\\user\\perpustakaan-9\\vendor\\laravel\\framework\\src\\Illuminate\\Container\\BoundMethod.php(36): App\\Providers\\RouteServiceProvider->App\\Providers\\{closure}()
#5 C:\\Users\\user\\perpustakaan-9\\vendor\\laravel\\framework\\src\\Illuminate\\Container\\Util.php(41): Illuminate\\Container\\BoundMethod::Illuminate\\Container\\{closure}()
#6 C:\\Users\\user\\perpustakaan-9\\vendor\\laravel\\framework\\src\\Illuminate\\Container\\BoundMethod.php(81): Illuminate\\Container\\Util::unwrapIfClosure(Object(Closure))
#7 C:\\Users\\user\\perpustakaan-9\\vendor\\laravel\\framework\\src\\Illuminate\\Container\\BoundMethod.php(37): Illuminate\\Container\\BoundMethod::callBoundMethod(Object(Illuminate\\Foundation\\Application), Object(Closure), Object(Closure))
#8 C:\\Users\\user\\perpustakaan-9\\vendor\\laravel\\framework\\src\\Illuminate\\Container\\Container.php(661): Illuminate\\Container\\BoundMethod::call(Object(Illuminate\\Foundation\\Application), Object(Closure), Array, NULL)
#9 C:\\Users\\user\\perpustakaan-9\\vendor\\laravel\\framework\\src\\Illuminate\\Foundation\\Support\\Providers\\RouteServiceProvider.php(120): Illuminate\\Container\\Container->call(Object(Closure))
#10 C:\\Users\\user\\perpustakaan-9\\vendor\\laravel\\framework\\src\\Illuminate\\Foundation\\Support\\Providers\\RouteServiceProvider.php(45): Illuminate\\Foundation\\Support\\Providers\\RouteServiceProvider->loadRoutes()
#11 C:\\Users\\user\\perpustakaan-9\\vendor\\laravel\\framework\\src\\Illuminate\\Container\\BoundMethod.php(36): Illuminate\\Foundation\\Support\\Providers\\RouteServiceProvider->Illuminate\\Foundation\\Support\\Providers\\{closure}()
#12 C:\\Users\\user\\perpustakaan-9\\vendor\\laravel\\framework\\src\\Illuminate\\Container\\Util.php(41): Illuminate\\Container\\BoundMethod::Illuminate\\Container\\{closure}()
#13 C:\\Users\\user\\perpustakaan-9\\vendor\\laravel\\framework\\src\\Illuminate\\Container\\BoundMethod.php(81): Illuminate\\Container\\Util::unwrapIfClosure(Object(Closure))
#14 C:\\Users\\user\\perpustakaan-9\\vendor\\laravel\\framework\\src\\Illuminate\\Container\\BoundMethod.php(37): Illuminate\\Container\\BoundMethod::callBoundMethod(Object(Illuminate\\Foundation\\Application), Object(Closure), Object(Closure))
#15 C:\\Users\\user\\perpustakaan-9\\vendor\\laravel\\framework\\src\\Illuminate\\Container\\Container.php(661): Illuminate\\Container\\BoundMethod::call(Object(Illuminate\\Foundation\\Application), Object(Closure), Array, NULL)
#16 C:\\Users\\user\\perpustakaan-9\\vendor\\laravel\\framework\\src\\Illuminate\\Support\\ServiceProvider.php(119): Illuminate\\Container\\Container->call(Object(Closure))
#17 C:\\Users\\user\\perpustakaan-9\\vendor\\laravel\\framework\\src\\Illuminate\\Foundation\\Application.php(957): Illuminate\\Support\\ServiceProvider->callBootedCallbacks()
#18 C:\\Users\\user\\perpustakaan-9\\vendor\\laravel\\framework\\src\\Illuminate\\Foundation\\Application.php(935): Illuminate\\Foundation\\Application->bootProvider(Object(App\\Providers\\RouteServiceProvider))
#19 [internal function]: Illuminate\\Foundation\\Application->Illuminate\\Foundation\\{closure}(Object(App\\Providers\\RouteServiceProvider), 25)
#20 C:\\Users\\user\\perpustakaan-9\\vendor\\laravel\\framework\\src\\Illuminate\\Foundation\\Application.php(936): array_walk(Array, Object(Closure))
#21 C:\\Users\\user\\perpustakaan-9\\vendor\\laravel\\framework\\src\\Illuminate\\Foundation\\Bootstrap\\BootProviders.php(17): Illuminate\\Foundation\\Application->boot()
#22 C:\\Users\\user\\perpustakaan-9\\vendor\\laravel\\framework\\src\\Illuminate\\Foundation\\Application.php(265): Illuminate\\Foundation\\Bootstrap\\BootProviders->bootstrap(Object(Illuminate\\Foundation\\Application))
#23 C:\\Users\\user\\perpustakaan-9\\vendor\\laravel\\framework\\src\\Illuminate\\Foundation\\Console\\Kernel.php(383): Illuminate\\Foundation\\Application->bootstrapWith(Array)
#24 C:\\Users\\user\\perpustakaan-9\\vendor\\laravel\\framework\\src\\Illuminate\\Foundation\\Console\\Kernel.php(153): Illuminate\\Foundation\\Console\\Kernel->bootstrap()
#25 Command line code(1): Illuminate\\Foundation\\Console\\Kernel->handle(Object(Symfony\\Component\\Console\\Input\\ArgvInput), Object(Symfony\\Component\\Console\\Output\\ConsoleOutput))
#26 {main}
"} 
[2026-06-02 14:13:16] local.ERROR: syntax error, unexpected token "..." {"exception":"[object] (ParseError(code: 0): syntax error, unexpected token \"...\" at C:\\Users\\user\\perpustakaan-9\\routes\\web.php:12)
[stacktrace]
#0 C:\\Users\\user\\perpustakaan-9\\vendor\\laravel\\framework\\src\\Illuminate\\Routing\\Router.php(503): Illuminate\\Routing\\RouteFileRegistrar->register('C:\\\\Users\\\\user\\\\p...')
#1 C:\\Users\\user\\perpustakaan-9\\vendor\\laravel\\framework\\src\\Illuminate\\Routing\\Router.php(457): Illuminate\\Routing\\Router->loadRoutes('C:\\\\Users\\\\user\\\\p...')
#2 C:\\Users\\user\\perpustakaan-9\\vendor\\laravel\\framework\\src\\Illuminate\\Routing\\RouteRegistrar.php(192): Illuminate\\Routing\\Router->group(Array, 'C:\\\\Users\\\\user\\\\p...')
#3 C:\\Users\\user\\perpustakaan-9\\app\\Providers\\RouteServiceProvider.php(48): Illuminate\\Routing\\RouteRegistrar->group('C:\\\\Users\\\\user\\\\p...')
#4 C:\\Users\\user\\perpustakaan-9\\vendor\\laravel\\framework\\src\\Illuminate\\Container\\BoundMethod.php(36): App\\Providers\\RouteServiceProvider->App\\Providers\\{closure}()
#5 C:\\Users\\user\\perpustakaan-9\\vendor\\laravel\\framework\\src\\Illuminate\\Container\\Util.php(41): Illuminate\\Container\\BoundMethod::Illuminate\\Container\\{closure}()
#6 C:\\Users\\user\\perpustakaan-9\\vendor\\laravel\\framework\\src\\Illuminate\\Container\\BoundMethod.php(81): Illuminate\\Container\\Util::unwrapIfClosure(Object(Closure))
#7 C:\\Users\\user\\perpustakaan-9\\vendor\\laravel\\framework\\src\\Illuminate\\Container\\BoundMethod.php(37): Illuminate\\Container\\BoundMethod::callBoundMethod(Object(Illuminate\\Foundation\\Application), Object(Closure), Object(Closure))
#8 C:\\Users\\user\\perpustakaan-9\\vendor\\laravel\\framework\\src\\Illuminate\\Container\\Container.php(661): Illuminate\\Container\\BoundMethod::call(Object(Illuminate\\Foundation\\Application), Object(Closure), Array, NULL)
#9 C:\\Users\\user\\perpustakaan-9\\vendor\\laravel\\framework\\src\\Illuminate\\Foundation\\Support\\Providers\\RouteServiceProvider.php(120): Illuminate\\Container\\Container->call(Object(Closure))
#10 C:\\Users\\user\\perpustakaan-9\\vendor\\laravel\\framework\\src\\Illuminate\\Foundation\\Support\\Providers\\RouteServiceProvider.php(45): Illuminate\\Foundation\\Support\\Providers\\RouteServiceProvider->loadRoutes()
#11 C:\\Users\\user\\perpustakaan-9\\vendor\\laravel\\framework\\src\\Illuminate\\Container\\BoundMethod.php(36): Illuminate\\Foundation\\Support\\Providers\\RouteServiceProvider->Illuminate\\Foundation\\Support\\Providers\\{closure}()
#12 C:\\Users\\user\\perpustakaan-9\\vendor\\laravel\\framework\\src\\Illuminate\\Container\\Util.php(41): Illuminate\\Container\\BoundMethod::Illuminate\\Container\\{closure}()
#13 C:\\Users\\user\\perpustakaan-9\\vendor\\laravel\\framework\\src\\Illuminate\\Container\\BoundMethod.php(81): Illuminate\\Container\\Util::unwrapIfClosure(Object(Closure))
#14 C:\\Users\\user\\perpustakaan-9\\vendor\\laravel\\framework\\src\\Illuminate\\Container\\BoundMethod.php(37): Illuminate\\Container\\BoundMethod::callBoundMethod(Object(Illuminate\\Foundation\\Application), Object(Closure), Object(Closure))
#15 C:\\Users\\user\\perpustakaan-9\\vendor\\laravel\\framework\\src\\Illuminate\\Container\\Container.php(661): Illuminate\\Container\\BoundMethod::call(Object(Illuminate\\Foundation\\Application), Object(Closure), Array, NULL)
#16 C:\\Users\\user\\perpustakaan-9\\vendor\\laravel\\framework\\src\\Illuminate\\Support\\ServiceProvider.php(119): Illuminate\\Container\\Container->call(Object(Closure))
#17 C:\\Users\\user\\perpustakaan-9\\vendor\\laravel\\framework\\src\\Illuminate\\Foundation\\Application.php(957): Illuminate\\Support\\ServiceProvider->callBootedCallbacks()
#18 C:\\Users\\user\\perpustakaan-9\\vendor\\laravel\\framework\\src\\Illuminate\\Foundation\\Application.php(935): Illuminate\\Foundation\\Application->bootProvider(Object(App\\Providers\\RouteServiceProvider))
#19 [internal function]: Illuminate\\Foundation\\Application->Illuminate\\Foundation\\{closure}(Object(App\\Providers\\RouteServiceProvider), 25)
#20 C:\\Users\\user\\perpustakaan-9\\vendor\\laravel\\framework\\src\\Illuminate\\Foundation\\Application.php(936): array_walk(Array, Object(Closure))
#21 C:\\Users\\user\\perpustakaan-9\\vendor\\laravel\\framework\\src\\Illuminate\\Foundation\\Bootstrap\\BootProviders.php(17): Illuminate\\Foundation\\Application->boot()
#22 C:\\Users\\user\\perpustakaan-9\\vendor\\laravel\\framework\\src\\Illuminate\\Foundation\\Application.php(265): Illuminate\\Foundation\\Bootstrap\\BootProviders->bootstrap(Object(Illuminate\\Foundation\\Application))
#23 C:\\Users\\user\\perpustakaan-9\\vendor\\laravel\\framework\\src\\Illuminate\\Foundation\\Console\\Kernel.php(383): Illuminate\\Foundation\\Application->bootstrapWith(Array)
#24 C:\\Users\\user\\perpustakaan-9\\vendor\\laravel\\framework\\src\\Illuminate\\Foundation\\Console\\Kernel.php(153): Illuminate\\Foundation\\Console\\Kernel->bootstrap()
#25 Command line code(1): Illuminate\\Foundation\\Console\\Kernel->handle(Object(Symfony\\Component\\Console\\Input\\ArgvInput), Object(Symfony\\Component\\Console\\Output\\ConsoleOutput))
#26 {main}
"} 
[2026-06-02 14:13:16] local.ERROR: syntax error, unexpected token "..." {"exception":"[object] (ParseError(code: 0): syntax error, unexpected token \"...\" at C:\\Users\\user\\perpustakaan-9\\routes\\web.php:12)
[stacktrace]
#0 C:\\Users\\user\\perpustakaan-9\\vendor\\laravel\\framework\\src\\Illuminate\\Routing\\Router.php(503): Illuminate\\Routing\\RouteFileRegistrar->register('C:\\\\Users\\\\user\\\\p...')
#1 C:\\Users\\user\\perpustakaan-9\\vendor\\laravel\\framework\\src\\Illuminate\\Routing\\Router.php(457): Illuminate\\Routing\\Router->loadRoutes('C:\\\\Users\\\\user\\\\p...')
#2 C:\\Users\\user\\perpustakaan-9\\vendor\\laravel\\framework\\src\\Illuminate\\Routing\\RouteRegistrar.php(192): Illuminate\\Routing\\Router->group(Array, 'C:\\\\Users\\\\user\\\\p...')
#3 C:\\Users\\user\\perpustakaan-9\\app\\Providers\\RouteServiceProvider.php(48): Illuminate\\Routing\\RouteRegistrar->group('C:\\\\Users\\\\user\\\\p...')
#4 C:\\Users\\user\\perpustakaan-9\\vendor\\laravel\\framework\\src\\Illuminate\\Container\\BoundMethod.php(36): App\\Providers\\RouteServiceProvider->App\\Providers\\{closure}()
#5 C:\\Users\\user\\perpustakaan-9\\vendor\\laravel\\framework\\src\\Illuminate\\Container\\Util.php(41): Illuminate\\Container\\BoundMethod::Illuminate\\Container\\{closure}()
#6 C:\\Users\\user\\perpustakaan-9\\vendor\\laravel\\framework\\src\\Illuminate\\Container\\BoundMethod.php(81): Illuminate\\Container\\Util::unwrapIfClosure(Object(Closure))
#7 C:\\Users\\user\\perpustakaan-9\\vendor\\laravel\\framework\\src\\Illuminate\\Container\\BoundMethod.php(37): Illuminate\\Container\\BoundMethod::callBoundMethod(Object(Illuminate\\Foundation\\Application), Object(Closure), Object(Closure))
#8 C:\\Users\\user\\perpustakaan-9\\vendor\\laravel\\framework\\src\\Illuminate\\Container\\Container.php(661): Illuminate\\Container\\BoundMethod::call(Object(Illuminate\\Foundation\\Application), Object(Closure), Array, NULL)
#9 C:\\Users\\user\\perpustakaan-9\\vendor\\laravel\\framework\\src\\Illuminate\\Foundation\\Support\\Providers\\RouteServiceProvider.php(120): Illuminate\\Container\\Container->call(Object(Closure))
#10 C:\\Users\\user\\perpustakaan-9\\vendor\\laravel\\framework\\src\\Illuminate\\Foundation\\Support\\Providers\\RouteServiceProvider.php(45): Illuminate\\Foundation\\Support\\Providers\\RouteServiceProvider->loadRoutes()
#11 C:\\Users\\user\\perpustakaan-9\\vendor\\laravel\\framework\\src\\Illuminate\\Container\\BoundMethod.php(36): Illuminate\\Foundation\\Support\\Providers\\RouteServiceProvider->Illuminate\\Foundation\\Support\\Providers\\{closure}()
#12 C:\\Users\\user\\perpustakaan-9\\vendor\\laravel\\framework\\src\\Illuminate\\Container\\Util.php(41): Illuminate\\Container\\BoundMethod::Illuminate\\Container\\{closure}()
#13 C:\\Users\\user\\perpustakaan-9\\vendor\\laravel\\framework\\src\\Illuminate\\Container\\BoundMethod.php(81): Illuminate\\Container\\Util::unwrapIfClosure(Object(Closure))
#14 C:\\Users\\user\\perpustakaan-9\\vendor\\laravel\\framework\\src\\Illuminate\\Container\\BoundMethod.php(37): Illuminate\\Container\\BoundMethod::callBoundMethod(Object(Illuminate\\Foundation\\Application), Object(Closure), Object(Closure))
#15 C:\\Users\\user\\perpustakaan-9\\vendor\\laravel\\framework\\src\\Illuminate\\Container\\Container.php(661): Illuminate\\Container\\BoundMethod::call(Object(Illuminate\\Foundation\\Application), Object(Closure), Array, NULL)
#16 C:\\Users\\user\\perpustakaan-9\\vendor\\laravel\\framework\\src\\Illuminate\\Support\\ServiceProvider.php(119): Illuminate\\Container\\Container->call(Object(Closure))
#17 C:\\Users\\user\\perpustakaan-9\\vendor\\laravel\\framework\\src\\Illuminate\\Foundation\\Application.php(957): Illuminate\\Support\\ServiceProvider->callBootedCallbacks()
#18 C:\\Users\\user\\perpustakaan-9\\vendor\\laravel\\framework\\src\\Illuminate\\Foundation\\Application.php(935): Illuminate\\Foundation\\Application->bootProvider(Object(App\\Providers\\RouteServiceProvider))
#19 [internal function]: Illuminate\\Foundation\\Application->Illuminate\\Foundation\\{closure}(Object(App\\Providers\\RouteServiceProvider), 25)
#20 C:\\Users\\user\\perpustakaan-9\\vendor\\laravel\\framework\\src\\Illuminate\\Foundation\\Application.php(936): array_walk(Array, Object(Closure))
#21 C:\\Users\\user\\perpustakaan-9\\vendor\\laravel\\framework\\src\\Illuminate\\Foundation\\Bootstrap\\BootProviders.php(17): Illuminate\\Foundation\\Application->boot()
#22 C:\\Users\\user\\perpustakaan-9\\vendor\\laravel\\framework\\src\\Illuminate\\Foundation\\Application.php(265): Illuminate\\Foundation\\Bootstrap\\BootProviders->bootstrap(Object(Illuminate\\Foundation\\Application))
#23 C:\\Users\\user\\perpustakaan-9\\vendor\\laravel\\framework\\src\\Illuminate\\Foundation\\Console\\Kernel.php(383): Illuminate\\Foundation\\Application->bootstrapWith(Array)
#24 C:\\Users\\user\\perpustakaan-9\\vendor\\laravel\\framework\\src\\Illuminate\\Foundation\\Console\\Kernel.php(153): Illuminate\\Foundation\\Console\\Kernel->bootstrap()
#25 Command line code(1): Illuminate\\Foundation\\Console\\Kernel->handle(Object(Symfony\\Component\\Console\\Input\\ArgvInput), Object(Symfony\\Component\\Console\\Output\\ConsoleOutput))
#26 {main}
"} 
[2026-06-02 14:13:21] local.ERROR: syntax error, unexpected token "..." {"exception":"[object] (ParseError(code: 0): syntax error, unexpected token \"...\" at C:\\Users\\user\\perpustakaan-9\\routes\\web.php:12)
[stacktrace]
#0 C:\\Users\\user\\perpustakaan-9\\vendor\\laravel\\framework\\src\\Illuminate\\Routing\\Router.php(503): Illuminate\\Routing\\RouteFileRegistrar->register('C:\\\\Users\\\\user\\\\p...')
#1 C:\\Users\\user\\perpustakaan-9\\vendor\\laravel\\framework\\src\\Illuminate\\Routing\\Router.php(457): Illuminate\\Routing\\Router->loadRoutes('C:\\\\Users\\\\user\\\\p...')
#2 C:\\Users\\user\\perpustakaan-9\\vendor\\laravel\\framework\\src\\Illuminate\\Routing\\RouteRegistrar.php(192): Illuminate\\Routing\\Router->group(Array, 'C:\\\\Users\\\\user\\\\p...')
#3 C:\\Users\\user\\perpustakaan-9\\app\\Providers\\RouteServiceProvider.php(48): Illuminate\\Routing\\RouteRegistrar->group('C:\\\\Users\\\\user\\\\p...')
#4 C:\\Users\\user\\perpustakaan-9\\vendor\\laravel\\framework\\src\\Illuminate\\Container\\BoundMethod.php(36): App\\Providers\\RouteServiceProvider->App\\Providers\\{closure}()
#5 C:\\Users\\user\\perpustakaan-9\\vendor\\laravel\\framework\\src\\Illuminate\\Container\\Util.php(41): Illuminate\\Container\\BoundMethod::Illuminate\\Container\\{closure}()
#6 C:\\Users\\user\\perpustakaan-9\\vendor\\laravel\\framework\\src\\Illuminate\\Container\\BoundMethod.php(81): Illuminate\\Container\\Util::unwrapIfClosure(Object(Closure))
#7 C:\\Users\\user\\perpustakaan-9\\vendor\\laravel\\framework\\src\\Illuminate\\Container\\BoundMethod.php(37): Illuminate\\Container\\BoundMethod::callBoundMethod(Object(Illuminate\\Foundation\\Application), Object(Closure), Object(Closure))
#8 C:\\Users\\user\\perpustakaan-9\\vendor\\laravel\\framework\\src\\Illuminate\\Container\\Container.php(661): Illuminate\\Container\\BoundMethod::call(Object(Illuminate\\Foundation\\Application), Object(Closure), Array, NULL)
#9 C:\\Users\\user\\perpustakaan-9\\vendor\\laravel\\framework\\src\\Illuminate\\Foundation\\Support\\Providers\\RouteServiceProvider.php(120): Illuminate\\Container\\Container->call(Object(Closure))
#10 C:\\Users\\user\\perpustakaan-9\\vendor\\laravel\\framework\\src\\Illuminate\\Foundation\\Support\\Providers\\RouteServiceProvider.php(45): Illuminate\\Foundation\\Support\\Providers\\RouteServiceProvider->loadRoutes()
#11 C:\\Users\\user\\perpustakaan-9\\vendor\\laravel\\framework\\src\\Illuminate\\Container\\BoundMethod.php(36): Illuminate\\Foundation\\Support\\Providers\\RouteServiceProvider->Illuminate\\Foundation\\Support\\Providers\\{closure}()
#12 C:\\Users\\user\\perpustakaan-9\\vendor\\laravel\\framework\\src\\Illuminate\\Container\\Util.php(41): Illuminate\\Container\\BoundMethod::Illuminate\\Container\\{closure}()
#13 C:\\Users\\user\\perpustakaan-9\\vendor\\laravel\\framework\\src\\Illuminate\\Container\\BoundMethod.php(81): Illuminate\\Container\\Util::unwrapIfClosure(Object(Closure))
#14 C:\\Users\\user\\perpustakaan-9\\vendor\\laravel\\framework\\src\\Illuminate\\Container\\BoundMethod.php(37): Illuminate\\Container\\BoundMethod::callBoundMethod(Object(Illuminate\\Foundation\\Application), Object(Closure), Object(Closure))
#15 C:\\Users\\user\\perpustakaan-9\\vendor\\laravel\\framework\\src\\Illuminate\\Container\\Container.php(661): Illuminate\\Container\\BoundMethod::call(Object(Illuminate\\Foundation\\Application), Object(Closure), Array, NULL)
#16 C:\\Users\\user\\perpustakaan-9\\vendor\\laravel\\framework\\src\\Illuminate\\Support\\ServiceProvider.php(119): Illuminate\\Container\\Container->call(Object(Closure))
#17 C:\\Users\\user\\perpustakaan-9\\vendor\\laravel\\framework\\src\\Illuminate\\Foundation\\Application.php(957): Illuminate\\Support\\ServiceProvider->callBootedCallbacks()
#18 C:\\Users\\user\\perpustakaan-9\\vendor\\laravel\\framework\\src\\Illuminate\\Foundation\\Application.php(935): Illuminate\\Foundation\\Application->bootProvider(Object(App\\Providers\\RouteServiceProvider))
#19 [internal function]: Illuminate\\Foundation\\Application->Illuminate\\Foundation\\{closure}(Object(App\\Providers\\RouteServiceProvider), 25)
#20 C:\\Users\\user\\perpustakaan-9\\vendor\\laravel\\framework\\src\\Illuminate\\Foundation\\Application.php(936): array_walk(Array, Object(Closure))
#21 C:\\Users\\user\\perpustakaan-9\\vendor\\laravel\\framework\\src\\Illuminate\\Foundation\\Bootstrap\\BootProviders.php(17): Illuminate\\Foundation\\Application->boot()
#22 C:\\Users\\user\\perpustakaan-9\\vendor\\laravel\\framework\\src\\Illuminate\\Foundation\\Application.php(265): Illuminate\\Foundation\\Bootstrap\\BootProviders->bootstrap(Object(Illuminate\\Foundation\\Application))
#23 C:\\Users\\user\\perpustakaan-9\\vendor\\laravel\\framework\\src\\Illuminate\\Foundation\\Console\\Kernel.php(383): Illuminate\\Foundation\\Application->bootstrapWith(Array)
#24 C:\\Users\\user\\perpustakaan-9\\vendor\\laravel\\framework\\src\\Illuminate\\Foundation\\Console\\Kernel.php(153): Illuminate\\Foundation\\Console\\Kernel->bootstrap()
#25 Command line code(1): Illuminate\\Foundation\\Console\\Kernel->handle(Object(Symfony\\Component\\Console\\Input\\ArgvInput), Object(Symfony\\Component\\Console\\Output\\ConsoleOutput))
#26 {main}
"} 
[2026-06-02 14:13:35] local.ERROR: syntax error, unexpected token "..." {"exception":"[object] (ParseError(code: 0): syntax error, unexpected token \"...\" at C:\\Users\\user\\perpustakaan-9\\routes\\web.php:12)
[stacktrace]
#0 C:\\Users\\user\\perpustakaan-9\\vendor\\laravel\\framework\\src\\Illuminate\\Routing\\Router.php(503): Illuminate\\Routing\\RouteFileRegistrar->register('C:\\\\Users\\\\user\\\\p...')
#1 C:\\Users\\user\\perpustakaan-9\\vendor\\laravel\\framework\\src\\Illuminate\\Routing\\Router.php(457): Illuminate\\Routing\\Router->loadRoutes('C:\\\\Users\\\\user\\\\p...')
#2 C:\\Users\\user\\perpustakaan-9\\vendor\\laravel\\framework\\src\\Illuminate\\Routing\\RouteRegistrar.php(192): Illuminate\\Routing\\Router->group(Array, 'C:\\\\Users\\\\user\\\\p...')
#3 C:\\Users\\user\\perpustakaan-9\\app\\Providers\\RouteServiceProvider.php(48): Illuminate\\Routing\\RouteRegistrar->group('C:\\\\Users\\\\user\\\\p...')
#4 C:\\Users\\user\\perpustakaan-9\\vendor\\laravel\\framework\\src\\Illuminate\\Container\\BoundMethod.php(36): App\\Providers\\RouteServiceProvider->App\\Providers\\{closure}()
#5 C:\\Users\\user\\perpustakaan-9\\vendor\\laravel\\framework\\src\\Illuminate\\Container\\Util.php(41): Illuminate\\Container\\BoundMethod::Illuminate\\Container\\{closure}()
#6 C:\\Users\\user\\perpustakaan-9\\vendor\\laravel\\framework\\src\\Illuminate\\Container\\BoundMethod.php(81): Illuminate\\Container\\Util::unwrapIfClosure(Object(Closure))
#7 C:\\Users\\user\\perpustakaan-9\\vendor\\laravel\\framework\\src\\Illuminate\\Container\\BoundMethod.php(37): Illuminate\\Container\\BoundMethod::callBoundMethod(Object(Illuminate\\Foundation\\Application), Object(Closure), Object(Closure))
#8 C:\\Users\\user\\perpustakaan-9\\vendor\\laravel\\framework\\src\\Illuminate\\Container\\Container.php(661): Illuminate\\Container\\BoundMethod::call(Object(Illuminate\\Foundation\\Application), Object(Closure), Array, NULL)
#9 C:\\Users\\user\\perpustakaan-9\\vendor\\laravel\\framework\\src\\Illuminate\\Foundation\\Support\\Providers\\RouteServiceProvider.php(120): Illuminate\\Container\\Container->call(Object(Closure))
#10 C:\\Users\\user\\perpustakaan-9\\vendor\\laravel\\framework\\src\\Illuminate\\Foundation\\Support\\Providers\\RouteServiceProvider.php(45): Illuminate\\Foundation\\Support\\Providers\\RouteServiceProvider->loadRoutes()
#11 C:\\Users\\user\\perpustakaan-9\\vendor\\laravel\\framework\\src\\Illuminate\\Container\\BoundMethod.php(36): Illuminate\\Foundation\\Support\\Providers\\RouteServiceProvider->Illuminate\\Foundation\\Support\\Providers\\{closure}()
#12 C:\\Users\\user\\perpustakaan-9\\vendor\\laravel\\framework\\src\\Illuminate\\Container\\Util.php(41): Illuminate\\Container\\BoundMethod::Illuminate\\Container\\{closure}()
#13 C:\\Users\\user\\perpustakaan-9\\vendor\\laravel\\framework\\src\\Illuminate\\Container\\BoundMethod.php(81): Illuminate\\Container\\Util::unwrapIfClosure(Object(Closure))
#14 C:\\Users\\user\\perpustakaan-9\\vendor\\laravel\\framework\\src\\Illuminate\\Container\\BoundMethod.php(37): Illuminate\\Container\\BoundMethod::callBoundMethod(Object(Illuminate\\Foundation\\Application), Object(Closure), Object(Closure))
#15 C:\\Users\\user\\perpustakaan-9\\vendor\\laravel\\framework\\src\\Illuminate\\Container\\Container.php(661): Illuminate\\Container\\BoundMethod::call(Object(Illuminate\\Foundation\\Application), Object(Closure), Array, NULL)
#16 C:\\Users\\user\\perpustakaan-9\\vendor\\laravel\\framework\\src\\Illuminate\\Support\\ServiceProvider.php(119): Illuminate\\Container\\Container->call(Object(Closure))
#17 C:\\Users\\user\\perpustakaan-9\\vendor\\laravel\\framework\\src\\Illuminate\\Foundation\\Application.php(957): Illuminate\\Support\\ServiceProvider->callBootedCallbacks()
#18 C:\\Users\\user\\perpustakaan-9\\vendor\\laravel\\framework\\src\\Illuminate\\Foundation\\Application.php(935): Illuminate\\Foundation\\Application->bootProvider(Object(App\\Providers\\RouteServiceProvider))
#19 [internal function]: Illuminate\\Foundation\\Application->Illuminate\\Foundation\\{closure}(Object(App\\Providers\\RouteServiceProvider), 25)
#20 C:\\Users\\user\\perpustakaan-9\\vendor\\laravel\\framework\\src\\Illuminate\\Foundation\\Application.php(936): array_walk(Array, Object(Closure))
#21 C:\\Users\\user\\perpustakaan-9\\vendor\\laravel\\framework\\src\\Illuminate\\Foundation\\Bootstrap\\BootProviders.php(17): Illuminate\\Foundation\\Application->boot()
#22 C:\\Users\\user\\perpustakaan-9\\vendor\\laravel\\framework\\src\\Illuminate\\Foundation\\Application.php(265): Illuminate\\Foundation\\Bootstrap\\BootProviders->bootstrap(Object(Illuminate\\Foundation\\Application))
#23 C:\\Users\\user\\perpustakaan-9\\vendor\\laravel\\framework\\src\\Illuminate\\Foundation\\Console\\Kernel.php(383): Illuminate\\Foundation\\Application->bootstrapWith(Array)
#24 C:\\Users\\user\\perpustakaan-9\\vendor\\laravel\\framework\\src\\Illuminate\\Foundation\\Console\\Kernel.php(153): Illuminate\\Foundation\\Console\\Kernel->bootstrap()
#25 Command line code(1): Illuminate\\Foundation\\Console\\Kernel->handle(Object(Symfony\\Component\\Console\\Input\\ArgvInput), Object(Symfony\\Component\\Console\\Output\\ConsoleOutput))
#26 {main}
"} 
[2026-06-02 14:17:57] local.ERROR: Command "optimize:clearphp" is not defined.

Did you mean one of these?
    optimize
    optimize:clear {"exception":"[object] (Symfony\\Component\\Console\\Exception\\CommandNotFoundException(code: 0): Command \"optimize:clearphp\" is not defined.

Did you mean one of these?
    optimize
    optimize:clear at C:\\Users\\user\\perpustakaan-9\\vendor\\symfony\\console\\Application.php:694)
[stacktrace]
#0 C:\\Users\\user\\perpustakaan-9\\vendor\\symfony\\console\\Application.php(259): Symfony\\Component\\Console\\Application->find('optimize:clearp...')
#1 C:\\Users\\user\\perpustakaan-9\\vendor\\symfony\\console\\Application.php(171): Symfony\\Component\\Console\\Application->doRun(Object(Symfony\\Component\\Console\\Input\\ArgvInput), Object(Symfony\\Component\\Console\\Output\\ConsoleOutput))
#2 C:\\Users\\user\\perpustakaan-9\\vendor\\laravel\\framework\\src\\Illuminate\\Console\\Application.php(102): Symfony\\Component\\Console\\Application->run(Object(Symfony\\Component\\Console\\Input\\ArgvInput), Object(Symfony\\Component\\Console\\Output\\ConsoleOutput))
#3 C:\\Users\\user\\perpustakaan-9\\vendor\\laravel\\framework\\src\\Illuminate\\Foundation\\Console\\Kernel.php(155): Illuminate\\Console\\Application->run(Object(Symfony\\Component\\Console\\Input\\ArgvInput), Object(Symfony\\Component\\Console\\Output\\ConsoleOutput))
#4 C:\\Users\\user\\perpustakaan-9\\artisan(37): Illuminate\\Foundation\\Console\\Kernel->handle(Object(Symfony\\Component\\Console\\Input\\ArgvInput), Object(Symfony\\Component\\Console\\Output\\ConsoleOutput))
#5 {main}
"} 
[2026-06-02 14:32:16] local.ERROR: Unmatched '}' {"exception":"[object] (ParseError(code: 0): Unmatched '}' at C:\\Users\\user\\perpustakaan-9\\routes\\web.php:49)
[stacktrace]
#0 C:\\Users\\user\\perpustakaan-9\\vendor\\laravel\\framework\\src\\Illuminate\\Routing\\Router.php(503): Illuminate\\Routing\\RouteFileRegistrar->register('C:\\\\Users\\\\user\\\\p...')
#1 C:\\Users\\user\\perpustakaan-9\\vendor\\laravel\\framework\\src\\Illuminate\\Routing\\Router.php(457): Illuminate\\Routing\\Router->loadRoutes('C:\\\\Users\\\\user\\\\p...')
#2 C:\\Users\\user\\perpustakaan-9\\vendor\\laravel\\framework\\src\\Illuminate\\Routing\\RouteRegistrar.php(192): Illuminate\\Routing\\Router->group(Array, 'C:\\\\Users\\\\user\\\\p...')
#3 C:\\Users\\user\\perpustakaan-9\\app\\Providers\\RouteServiceProvider.php(48): Illuminate\\Routing\\RouteRegistrar->group('C:\\\\Users\\\\user\\\\p...')
#4 C:\\Users\\user\\perpustakaan-9\\vendor\\laravel\\framework\\src\\Illuminate\\Container\\BoundMethod.php(36): App\\Providers\\RouteServiceProvider->App\\Providers\\{closure}()
#5 C:\\Users\\user\\perpustakaan-9\\vendor\\laravel\\framework\\src\\Illuminate\\Container\\Util.php(41): Illuminate\\Container\\BoundMethod::Illuminate\\Container\\{closure}()
#6 C:\\Users\\user\\perpustakaan-9\\vendor\\laravel\\framework\\src\\Illuminate\\Container\\BoundMethod.php(81): Illuminate\\Container\\Util::unwrapIfClosure(Object(Closure))
#7 C:\\Users\\user\\perpustakaan-9\\vendor\\laravel\\framework\\src\\Illuminate\\Container\\BoundMethod.php(37): Illuminate\\Container\\BoundMethod::callBoundMethod(Object(Illuminate\\Foundation\\Application), Object(Closure), Object(Closure))
#8 C:\\Users\\user\\perpustakaan-9\\vendor\\laravel\\framework\\src\\Illuminate\\Container\\Container.php(661): Illuminate\\Container\\BoundMethod::call(Object(Illuminate\\Foundation\\Application), Object(Closure), Array, NULL)
#9 C:\\Users\\user\\perpustakaan-9\\vendor\\laravel\\framework\\src\\Illuminate\\Foundation\\Support\\Providers\\RouteServiceProvider.php(120): Illuminate\\Container\\Container->call(Object(Closure))
#10 C:\\Users\\user\\perpustakaan-9\\vendor\\laravel\\framework\\src\\Illuminate\\Foundation\\Support\\Providers\\RouteServiceProvider.php(45): Illuminate\\Foundation\\Support\\Providers\\RouteServiceProvider->loadRoutes()
#11 C:\\Users\\user\\perpustakaan-9\\vendor\\laravel\\framework\\src\\Illuminate\\Container\\BoundMethod.php(36): Illuminate\\Foundation\\Support\\Providers\\RouteServiceProvider->Illuminate\\Foundation\\Support\\Providers\\{closure}()
#12 C:\\Users\\user\\perpustakaan-9\\vendor\\laravel\\framework\\src\\Illuminate\\Container\\Util.php(41): Illuminate\\Container\\BoundMethod::Illuminate\\Container\\{closure}()
#13 C:\\Users\\user\\perpustakaan-9\\vendor\\laravel\\framework\\src\\Illuminate\\Container\\BoundMethod.php(81): Illuminate\\Container\\Util::unwrapIfClosure(Object(Closure))
#14 C:\\Users\\user\\perpustakaan-9\\vendor\\laravel\\framework\\src\\Illuminate\\Container\\BoundMethod.php(37): Illuminate\\Container\\BoundMethod::callBoundMethod(Object(Illuminate\\Foundation\\Application), Object(Closure), Object(Closure))
#15 C:\\Users\\user\\perpustakaan-9\\vendor\\laravel\\framework\\src\\Illuminate\\Container\\Container.php(661): Illuminate\\Container\\BoundMethod::call(Object(Illuminate\\Foundation\\Application), Object(Closure), Array, NULL)
#16 C:\\Users\\user\\perpustakaan-9\\vendor\\laravel\\framework\\src\\Illuminate\\Support\\ServiceProvider.php(119): Illuminate\\Container\\Container->call(Object(Closure))
#17 C:\\Users\\user\\perpustakaan-9\\vendor\\laravel\\framework\\src\\Illuminate\\Foundation\\Application.php(957): Illuminate\\Support\\ServiceProvider->callBootedCallbacks()
#18 C:\\Users\\user\\perpustakaan-9\\vendor\\laravel\\framework\\src\\Illuminate\\Foundation\\Application.php(935): Illuminate\\Foundation\\Application->bootProvider(Object(App\\Providers\\RouteServiceProvider))
#19 [internal function]: Illuminate\\Foundation\\Application->Illuminate\\Foundation\\{closure}(Object(App\\Providers\\RouteServiceProvider), 25)
#20 C:\\Users\\user\\perpustakaan-9\\vendor\\laravel\\framework\\src\\Illuminate\\Foundation\\Application.php(936): array_walk(Array, Object(Closure))
#21 C:\\Users\\user\\perpustakaan-9\\vendor\\laravel\\framework\\src\\Illuminate\\Foundation\\Bootstrap\\BootProviders.php(17): Illuminate\\Foundation\\Application->boot()
#22 C:\\Users\\user\\perpustakaan-9\\vendor\\laravel\\framework\\src\\Illuminate\\Foundation\\Application.php(265): Illuminate\\Foundation\\Bootstrap\\BootProviders->bootstrap(Object(Illuminate\\Foundation\\Application))
#23 C:\\Users\\user\\perpustakaan-9\\vendor\\laravel\\framework\\src\\Illuminate\\Foundation\\Console\\Kernel.php(383): Illuminate\\Foundation\\Application->bootstrapWith(Array)
#24 C:\\Users\\user\\perpustakaan-9\\vendor\\laravel\\framework\\src\\Illuminate\\Foundation\\Console\\Kernel.php(153): Illuminate\\Foundation\\Console\\Kernel->bootstrap()
#25 Command line code(1): Illuminate\\Foundation\\Console\\Kernel->handle(Object(Symfony\\Component\\Console\\Input\\ArgvInput), Object(Symfony\\Component\\Console\\Output\\ConsoleOutput))
#26 {main}
"} 
[2026-06-02 14:32:16] local.ERROR: Unmatched '}' {"exception":"[object] (ParseError(code: 0): Unmatched '}' at C:\\Users\\user\\perpustakaan-9\\routes\\web.php:49)
[stacktrace]
#0 C:\\Users\\user\\perpustakaan-9\\vendor\\laravel\\framework\\src\\Illuminate\\Routing\\Router.php(503): Illuminate\\Routing\\RouteFileRegistrar->register('C:\\\\Users\\\\user\\\\p...')
#1 C:\\Users\\user\\perpustakaan-9\\vendor\\laravel\\framework\\src\\Illuminate\\Routing\\Router.php(457): Illuminate\\Routing\\Router->loadRoutes('C:\\\\Users\\\\user\\\\p...')
#2 C:\\Users\\user\\perpustakaan-9\\vendor\\laravel\\framework\\src\\Illuminate\\Routing\\RouteRegistrar.php(192): Illuminate\\Routing\\Router->group(Array, 'C:\\\\Users\\\\user\\\\p...')
#3 C:\\Users\\user\\perpustakaan-9\\app\\Providers\\RouteServiceProvider.php(48): Illuminate\\Routing\\RouteRegistrar->group('C:\\\\Users\\\\user\\\\p...')
#4 C:\\Users\\user\\perpustakaan-9\\vendor\\laravel\\framework\\src\\Illuminate\\Container\\BoundMethod.php(36): App\\Providers\\RouteServiceProvider->App\\Providers\\{closure}()
#5 C:\\Users\\user\\perpustakaan-9\\vendor\\laravel\\framework\\src\\Illuminate\\Container\\Util.php(41): Illuminate\\Container\\BoundMethod::Illuminate\\Container\\{closure}()
#6 C:\\Users\\user\\perpustakaan-9\\vendor\\laravel\\framework\\src\\Illuminate\\Container\\BoundMethod.php(81): Illuminate\\Container\\Util::unwrapIfClosure(Object(Closure))
#7 C:\\Users\\user\\perpustakaan-9\\vendor\\laravel\\framework\\src\\Illuminate\\Container\\BoundMethod.php(37): Illuminate\\Container\\BoundMethod::callBoundMethod(Object(Illuminate\\Foundation\\Application), Object(Closure), Object(Closure))
#8 C:\\Users\\user\\perpustakaan-9\\vendor\\laravel\\framework\\src\\Illuminate\\Container\\Container.php(661): Illuminate\\Container\\BoundMethod::call(Object(Illuminate\\Foundation\\Application), Object(Closure), Array, NULL)
#9 C:\\Users\\user\\perpustakaan-9\\vendor\\laravel\\framework\\src\\Illuminate\\Foundation\\Support\\Providers\\RouteServiceProvider.php(120): Illuminate\\Container\\Container->call(Object(Closure))
#10 C:\\Users\\user\\perpustakaan-9\\vendor\\laravel\\framework\\src\\Illuminate\\Foundation\\Support\\Providers\\RouteServiceProvider.php(45): Illuminate\\Foundation\\Support\\Providers\\RouteServiceProvider->loadRoutes()
#11 C:\\Users\\user\\perpustakaan-9\\vendor\\laravel\\framework\\src\\Illuminate\\Container\\BoundMethod.php(36): Illuminate\\Foundation\\Support\\Providers\\RouteServiceProvider->Illuminate\\Foundation\\Support\\Providers\\{closure}()
#12 C:\\Users\\user\\perpustakaan-9\\vendor\\laravel\\framework\\src\\Illuminate\\Container\\Util.php(41): Illuminate\\Container\\BoundMethod::Illuminate\\Container\\{closure}()
#13 C:\\Users\\user\\perpustakaan-9\\vendor\\laravel\\framework\\src\\Illuminate\\Container\\BoundMethod.php(81): Illuminate\\Container\\Util::unwrapIfClosure(Object(Closure))
#14 C:\\Users\\user\\perpustakaan-9\\vendor\\laravel\\framework\\src\\Illuminate\\Container\\BoundMethod.php(37): Illuminate\\Container\\BoundMethod::callBoundMethod(Object(Illuminate\\Foundation\\Application), Object(Closure), Object(Closure))
#15 C:\\Users\\user\\perpustakaan-9\\vendor\\laravel\\framework\\src\\Illuminate\\Container\\Container.php(661): Illuminate\\Container\\BoundMethod::call(Object(Illuminate\\Foundation\\Application), Object(Closure), Array, NULL)
#16 C:\\Users\\user\\perpustakaan-9\\vendor\\laravel\\framework\\src\\Illuminate\\Support\\ServiceProvider.php(119): Illuminate\\Container\\Container->call(Object(Closure))
#17 C:\\Users\\user\\perpustakaan-9\\vendor\\laravel\\framework\\src\\Illuminate\\Foundation\\Application.php(957): Illuminate\\Support\\ServiceProvider->callBootedCallbacks()
#18 C:\\Users\\user\\perpustakaan-9\\vendor\\laravel\\framework\\src\\Illuminate\\Foundation\\Application.php(935): Illuminate\\Foundation\\Application->bootProvider(Object(App\\Providers\\RouteServiceProvider))
#19 [internal function]: Illuminate\\Foundation\\Application->Illuminate\\Foundation\\{closure}(Object(App\\Providers\\RouteServiceProvider), 25)
#20 C:\\Users\\user\\perpustakaan-9\\vendor\\laravel\\framework\\src\\Illuminate\\Foundation\\Application.php(936): array_walk(Array, Object(Closure))
#21 C:\\Users\\user\\perpustakaan-9\\vendor\\laravel\\framework\\src\\Illuminate\\Foundation\\Bootstrap\\BootProviders.php(17): Illuminate\\Foundation\\Application->boot()
#22 C:\\Users\\user\\perpustakaan-9\\vendor\\laravel\\framework\\src\\Illuminate\\Foundation\\Application.php(265): Illuminate\\Foundation\\Bootstrap\\BootProviders->bootstrap(Object(Illuminate\\Foundation\\Application))
#23 C:\\Users\\user\\perpustakaan-9\\vendor\\laravel\\framework\\src\\Illuminate\\Foundation\\Console\\Kernel.php(383): Illuminate\\Foundation\\Application->bootstrapWith(Array)
#24 C:\\Users\\user\\perpustakaan-9\\vendor\\laravel\\framework\\src\\Illuminate\\Foundation\\Console\\Kernel.php(153): Illuminate\\Foundation\\Console\\Kernel->bootstrap()
#25 Command line code(1): Illuminate\\Foundation\\Console\\Kernel->handle(Object(Symfony\\Component\\Console\\Input\\ArgvInput), Object(Symfony\\Component\\Console\\Output\\ConsoleOutput))
#26 {main}
"} 
[2026-06-02 14:32:17] local.ERROR: Unmatched '}' {"exception":"[object] (ParseError(code: 0): Unmatched '}' at C:\\Users\\user\\perpustakaan-9\\routes\\web.php:49)
[stacktrace]
#0 C:\\Users\\user\\perpustakaan-9\\vendor\\laravel\\framework\\src\\Illuminate\\Routing\\Router.php(503): Illuminate\\Routing\\RouteFileRegistrar->register('C:\\\\Users\\\\user\\\\p...')
#1 C:\\Users\\user\\perpustakaan-9\\vendor\\laravel\\framework\\src\\Illuminate\\Routing\\Router.php(457): Illuminate\\Routing\\Router->loadRoutes('C:\\\\Users\\\\user\\\\p...')
#2 C:\\Users\\user\\perpustakaan-9\\vendor\\laravel\\framework\\src\\Illuminate\\Routing\\RouteRegistrar.php(192): Illuminate\\Routing\\Router->group(Array, 'C:\\\\Users\\\\user\\\\p...')
#3 C:\\Users\\user\\perpustakaan-9\\app\\Providers\\RouteServiceProvider.php(48): Illuminate\\Routing\\RouteRegistrar->group('C:\\\\Users\\\\user\\\\p...')
#4 C:\\Users\\user\\perpustakaan-9\\vendor\\laravel\\framework\\src\\Illuminate\\Container\\BoundMethod.php(36): App\\Providers\\RouteServiceProvider->App\\Providers\\{closure}()
#5 C:\\Users\\user\\perpustakaan-9\\vendor\\laravel\\framework\\src\\Illuminate\\Container\\Util.php(41): Illuminate\\Container\\BoundMethod::Illuminate\\Container\\{closure}()
#6 C:\\Users\\user\\perpustakaan-9\\vendor\\laravel\\framework\\src\\Illuminate\\Container\\BoundMethod.php(81): Illuminate\\Container\\Util::unwrapIfClosure(Object(Closure))
#7 C:\\Users\\user\\perpustakaan-9\\vendor\\laravel\\framework\\src\\Illuminate\\Container\\BoundMethod.php(37): Illuminate\\Container\\BoundMethod::callBoundMethod(Object(Illuminate\\Foundation\\Application), Object(Closure), Object(Closure))
#8 C:\\Users\\user\\perpustakaan-9\\vendor\\laravel\\framework\\src\\Illuminate\\Container\\Container.php(661): Illuminate\\Container\\BoundMethod::call(Object(Illuminate\\Foundation\\Application), Object(Closure), Array, NULL)
#9 C:\\Users\\user\\perpustakaan-9\\vendor\\laravel\\framework\\src\\Illuminate\\Foundation\\Support\\Providers\\RouteServiceProvider.php(120): Illuminate\\Container\\Container->call(Object(Closure))
#10 C:\\Users\\user\\perpustakaan-9\\vendor\\laravel\\framework\\src\\Illuminate\\Foundation\\Support\\Providers\\RouteServiceProvider.php(45): Illuminate\\Foundation\\Support\\Providers\\RouteServiceProvider->loadRoutes()
#11 C:\\Users\\user\\perpustakaan-9\\vendor\\laravel\\framework\\src\\Illuminate\\Container\\BoundMethod.php(36): Illuminate\\Foundation\\Support\\Providers\\RouteServiceProvider->Illuminate\\Foundation\\Support\\Providers\\{closure}()
#12 C:\\Users\\user\\perpustakaan-9\\vendor\\laravel\\framework\\src\\Illuminate\\Container\\Util.php(41): Illuminate\\Container\\BoundMethod::Illuminate\\Container\\{closure}()
#13 C:\\Users\\user\\perpustakaan-9\\vendor\\laravel\\framework\\src\\Illuminate\\Container\\BoundMethod.php(81): Illuminate\\Container\\Util::unwrapIfClosure(Object(Closure))
#14 C:\\Users\\user\\perpustakaan-9\\vendor\\laravel\\framework\\src\\Illuminate\\Container\\BoundMethod.php(37): Illuminate\\Container\\BoundMethod::callBoundMethod(Object(Illuminate\\Foundation\\Application), Object(Closure), Object(Closure))
#15 C:\\Users\\user\\perpustakaan-9\\vendor\\laravel\\framework\\src\\Illuminate\\Container\\Container.php(661): Illuminate\\Container\\BoundMethod::call(Object(Illuminate\\Foundation\\Application), Object(Closure), Array, NULL)
#16 C:\\Users\\user\\perpustakaan-9\\vendor\\laravel\\framework\\src\\Illuminate\\Support\\ServiceProvider.php(119): Illuminate\\Container\\Container->call(Object(Closure))
#17 C:\\Users\\user\\perpustakaan-9\\vendor\\laravel\\framework\\src\\Illuminate\\Foundation\\Application.php(957): Illuminate\\Support\\ServiceProvider->callBootedCallbacks()
#18 C:\\Users\\user\\perpustakaan-9\\vendor\\laravel\\framework\\src\\Illuminate\\Foundation\\Application.php(935): Illuminate\\Foundation\\Application->bootProvider(Object(App\\Providers\\RouteServiceProvider))
#19 [internal function]: Illuminate\\Foundation\\Application->Illuminate\\Foundation\\{closure}(Object(App\\Providers\\RouteServiceProvider), 25)
#20 C:\\Users\\user\\perpustakaan-9\\vendor\\laravel\\framework\\src\\Illuminate\\Foundation\\Application.php(936): array_walk(Array, Object(Closure))
#21 C:\\Users\\user\\perpustakaan-9\\vendor\\laravel\\framework\\src\\Illuminate\\Foundation\\Bootstrap\\BootProviders.php(17): Illuminate\\Foundation\\Application->boot()
#22 C:\\Users\\user\\perpustakaan-9\\vendor\\laravel\\framework\\src\\Illuminate\\Foundation\\Application.php(265): Illuminate\\Foundation\\Bootstrap\\BootProviders->bootstrap(Object(Illuminate\\Foundation\\Application))
#23 C:\\Users\\user\\perpustakaan-9\\vendor\\laravel\\framework\\src\\Illuminate\\Foundation\\Console\\Kernel.php(383): Illuminate\\Foundation\\Application->bootstrapWith(Array)
#24 C:\\Users\\user\\perpustakaan-9\\vendor\\laravel\\framework\\src\\Illuminate\\Foundation\\Console\\Kernel.php(153): Illuminate\\Foundation\\Console\\Kernel->bootstrap()
#25 Command line code(1): Illuminate\\Foundation\\Console\\Kernel->handle(Object(Symfony\\Component\\Console\\Input\\ArgvInput), Object(Symfony\\Component\\Console\\Output\\ConsoleOutput))
#26 {main}
"} 
[2026-06-02 14:32:44] local.ERROR: Unmatched '}' {"exception":"[object] (ParseError(code: 0): Unmatched '}' at C:\\Users\\user\\perpustakaan-9\\routes\\web.php:49)
[stacktrace]
#0 C:\\Users\\user\\perpustakaan-9\\vendor\\laravel\\framework\\src\\Illuminate\\Routing\\Router.php(503): Illuminate\\Routing\\RouteFileRegistrar->register('C:\\\\Users\\\\user\\\\p...')
#1 C:\\Users\\user\\perpustakaan-9\\vendor\\laravel\\framework\\src\\Illuminate\\Routing\\Router.php(457): Illuminate\\Routing\\Router->loadRoutes('C:\\\\Users\\\\user\\\\p...')
#2 C:\\Users\\user\\perpustakaan-9\\vendor\\laravel\\framework\\src\\Illuminate\\Routing\\RouteRegistrar.php(192): Illuminate\\Routing\\Router->group(Array, 'C:\\\\Users\\\\user\\\\p...')
#3 C:\\Users\\user\\perpustakaan-9\\app\\Providers\\RouteServiceProvider.php(48): Illuminate\\Routing\\RouteRegistrar->group('C:\\\\Users\\\\user\\\\p...')
#4 C:\\Users\\user\\perpustakaan-9\\vendor\\laravel\\framework\\src\\Illuminate\\Container\\BoundMethod.php(36): App\\Providers\\RouteServiceProvider->App\\Providers\\{closure}()
#5 C:\\Users\\user\\perpustakaan-9\\vendor\\laravel\\framework\\src\\Illuminate\\Container\\Util.php(41): Illuminate\\Container\\BoundMethod::Illuminate\\Container\\{closure}()
#6 C:\\Users\\user\\perpustakaan-9\\vendor\\laravel\\framework\\src\\Illuminate\\Container\\BoundMethod.php(81): Illuminate\\Container\\Util::unwrapIfClosure(Object(Closure))
#7 C:\\Users\\user\\perpustakaan-9\\vendor\\laravel\\framework\\src\\Illuminate\\Container\\BoundMethod.php(37): Illuminate\\Container\\BoundMethod::callBoundMethod(Object(Illuminate\\Foundation\\Application), Object(Closure), Object(Closure))
#8 C:\\Users\\user\\perpustakaan-9\\vendor\\laravel\\framework\\src\\Illuminate\\Container\\Container.php(661): Illuminate\\Container\\BoundMethod::call(Object(Illuminate\\Foundation\\Application), Object(Closure), Array, NULL)
#9 C:\\Users\\user\\perpustakaan-9\\vendor\\laravel\\framework\\src\\Illuminate\\Foundation\\Support\\Providers\\RouteServiceProvider.php(120): Illuminate\\Container\\Container->call(Object(Closure))
#10 C:\\Users\\user\\perpustakaan-9\\vendor\\laravel\\framework\\src\\Illuminate\\Foundation\\Support\\Providers\\RouteServiceProvider.php(45): Illuminate\\Foundation\\Support\\Providers\\RouteServiceProvider->loadRoutes()
#11 C:\\Users\\user\\perpustakaan-9\\vendor\\laravel\\framework\\src\\Illuminate\\Container\\BoundMethod.php(36): Illuminate\\Foundation\\Support\\Providers\\RouteServiceProvider->Illuminate\\Foundation\\Support\\Providers\\{closure}()
#12 C:\\Users\\user\\perpustakaan-9\\vendor\\laravel\\framework\\src\\Illuminate\\Container\\Util.php(41): Illuminate\\Container\\BoundMethod::Illuminate\\Container\\{closure}()
#13 C:\\Users\\user\\perpustakaan-9\\vendor\\laravel\\framework\\src\\Illuminate\\Container\\BoundMethod.php(81): Illuminate\\Container\\Util::unwrapIfClosure(Object(Closure))
#14 C:\\Users\\user\\perpustakaan-9\\vendor\\laravel\\framework\\src\\Illuminate\\Container\\BoundMethod.php(37): Illuminate\\Container\\BoundMethod::callBoundMethod(Object(Illuminate\\Foundation\\Application), Object(Closure), Object(Closure))
#15 C:\\Users\\user\\perpustakaan-9\\vendor\\laravel\\framework\\src\\Illuminate\\Container\\Container.php(661): Illuminate\\Container\\BoundMethod::call(Object(Illuminate\\Foundation\\Application), Object(Closure), Array, NULL)
#16 C:\\Users\\user\\perpustakaan-9\\vendor\\laravel\\framework\\src\\Illuminate\\Support\\ServiceProvider.php(119): Illuminate\\Container\\Container->call(Object(Closure))
#17 C:\\Users\\user\\perpustakaan-9\\vendor\\laravel\\framework\\src\\Illuminate\\Foundation\\Application.php(957): Illuminate\\Support\\ServiceProvider->callBootedCallbacks()
#18 C:\\Users\\user\\perpustakaan-9\\vendor\\laravel\\framework\\src\\Illuminate\\Foundation\\Application.php(935): Illuminate\\Foundation\\Application->bootProvider(Object(App\\Providers\\RouteServiceProvider))
#19 [internal function]: Illuminate\\Foundation\\Application->Illuminate\\Foundation\\{closure}(Object(App\\Providers\\RouteServiceProvider), 25)
#20 C:\\Users\\user\\perpustakaan-9\\vendor\\laravel\\framework\\src\\Illuminate\\Foundation\\Application.php(936): array_walk(Array, Object(Closure))
#21 C:\\Users\\user\\perpustakaan-9\\vendor\\laravel\\framework\\src\\Illuminate\\Foundation\\Bootstrap\\BootProviders.php(17): Illuminate\\Foundation\\Application->boot()
#22 C:\\Users\\user\\perpustakaan-9\\vendor\\laravel\\framework\\src\\Illuminate\\Foundation\\Application.php(265): Illuminate\\Foundation\\Bootstrap\\BootProviders->bootstrap(Object(Illuminate\\Foundation\\Application))
#23 C:\\Users\\user\\perpustakaan-9\\vendor\\laravel\\framework\\src\\Illuminate\\Foundation\\Console\\Kernel.php(383): Illuminate\\Foundation\\Application->bootstrapWith(Array)
#24 C:\\Users\\user\\perpustakaan-9\\vendor\\laravel\\framework\\src\\Illuminate\\Foundation\\Console\\Kernel.php(153): Illuminate\\Foundation\\Console\\Kernel->bootstrap()
#25 Command line code(1): Illuminate\\Foundation\\Console\\Kernel->handle(Object(Symfony\\Component\\Console\\Input\\ArgvInput), Object(Symfony\\Component\\Console\\Output\\ConsoleOutput))
#26 {main}
"} 
